region,year,month,extent_km2,frac
Baffin,1978,11,745624.331,0.422
Baffin,1978,12,926473.071,0.525
Baffin,1979,1,1090625.815,0.618
Baffin,1979,2,1157634.866,0.656
Baffin,1979,3,1299583.477,0.736
Baffin,1979,4,1137194.68,0.644
Baffin,1979,5,983083.453,0.557
Baffin,1979,6,820064.573,0.464
Baffin,1979,7,504284.512,0.286
Baffin,1979,8,165202.293,0.094
Baffin,1979,9,66901.96,0.038
Baffin,1979,10,187742.415,0.106
Baffin,1979,11,637056.954,0.361
Baffin,1979,12,926943.243,0.525
Baffin,1980,1,1104871.464,0.626
Baffin,1980,2,1215999.908,0.689
Baffin,1980,3,1284177.396,0.727
Baffin,1980,4,1221357.854,0.692
Baffin,1980,5,1027215.512,0.582
Baffin,1980,6,786642.935,0.446
Baffin,1980,7,515729.857,0.292
Baffin,1980,8,151312.871,0.086
Baffin,1980,9,46345.79,0.026
Baffin,1980,10,225418.557,0.128
Baffin,1980,11,590062.722,0.334
Baffin,1980,12,871816.642,0.494
Baffin,1981,1,1122447.922,0.636
Baffin,1981,2,1282707.945,0.726
Baffin,1981,3,1117472.461,0.633
Baffin,1981,4,1147369.831,0.65
Baffin,1981,5,1053485.477,0.597
Baffin,1981,6,771697.614,0.437
Baffin,1981,7,415502.457,0.235
Baffin,1981,8,109625.349,0.062
Baffin,1981,9,56034.229,0.032
Baffin,1981,10,137886.507,0.078
Baffin,1981,11,602163.22,0.341
Baffin,1981,12,885763.492,0.502
Baffin,1982,1,1080833.934,0.612
Baffin,1982,2,1403639.746,0.795
Baffin,1982,3,1487905.095,0.843
Baffin,1982,4,1345921.021,0.762
Baffin,1982,5,1208206.701,0.684
Baffin,1982,6,957789.207,0.542
Baffin,1982,7,517703.555,0.293
Baffin,1982,8,152082.08,0.086
Baffin,1982,9,87540.466,0.05
Baffin,1982,10,312541.391,0.177
Baffin,1982,11,745311.522,0.422
Baffin,1982,12,1160506.105,0.657
Baffin,1983,1,1569060.665,0.889
Baffin,1983,2,1655336.13,0.938
Baffin,1983,3,1720993.826,0.975
Baffin,1983,4,1631572.738,0.924
Baffin,1983,5,1312204.093,0.743
Baffin,1983,6,987350.863,0.559
Baffin,1983,7,677882.831,0.384
Baffin,1983,8,309552.543,0.175
Baffin,1983,9,149209.651,0.085
Baffin,1983,10,344933.504,0.195
Baffin,1983,11,791670.002,0.448
Baffin,1983,12,1122201.139,0.636
Baffin,1984,1,1603222.081,0.908
Baffin,1984,2,1755069.784,0.994
Baffin,1984,3,1658777.572,0.939
Baffin,1984,4,1537293.132,0.871
Baffin,1984,5,1347243.858,0.763
Baffin,1984,6,996202.58,0.564
Baffin,1984,7,563924.204,0.319
Baffin,1984,8,134489.401,0.076
Baffin,1984,9,55393.392,0.031
Baffin,1984,10,163411.389,0.093
Baffin,1984,11,563783.31,0.319
Baffin,1984,12,1110308.561,0.629
Baffin,1985,1,1390831.721,0.788
Baffin,1985,2,1423983.122,0.806
Baffin,1985,3,1564700.427,0.886
Baffin,1985,4,1364952.596,0.773
Baffin,1985,5,1171277.688,0.663
Baffin,1985,6,837841.722,0.475
Baffin,1985,7,306816.865,0.174
Baffin,1985,8,68561.857,0.039
Baffin,1985,9,45115.567,0.026
Baffin,1985,10,137115.77,0.078
Baffin,1985,11,545156.012,0.309
Baffin,1985,12,793270.105,0.449
Baffin,1986,1,1113676.131,0.631
Baffin,1986,2,1242596.725,0.704
Baffin,1986,3,1351280.259,0.765
Baffin,1986,4,1199855.43,0.68
Baffin,1986,5,973720.164,0.551
Baffin,1986,6,756117.379,0.428
Baffin,1986,7,529012.971,0.3
Baffin,1986,8,233901.159,0.132
Baffin,1986,9,59637.39,0.034
Baffin,1986,10,411209.376,0.233
Baffin,1986,11,783921.322,0.444
Baffin,1986,12,1091453.076,0.618
Baffin,1987,1,1274676.901,0.722
Baffin,1987,2,1360569.839,0.771
Baffin,1987,3,1324398.985,0.75
Baffin,1987,4,1351056.455,0.765
Baffin,1987,5,1134853.447,0.643
Baffin,1987,6,949169.148,0.538
Baffin,1987,7,568695.746,0.322
Baffin,1987,8,129895.363,0.074
Baffin,1987,9,44055.277,0.025
Baffin,1987,10,260647.999,0.148
Baffin,1987,11,625008.211,0.354
Baffin,1988,2,1366076.918,0.774
Baffin,1988,3,1312939.795,0.744
Baffin,1988,4,1175041.547,0.665
Baffin,1988,5,1076951.23,0.61
Baffin,1988,6,803407.949,0.455
Baffin,1988,7,414942.959,0.235
Baffin,1988,8,132837.456,0.075
Baffin,1988,9,29255.849,0.017
Baffin,1988,10,81893.244,0.046
Baffin,1988,11,533669.191,0.302
Baffin,1988,12,897364.191,0.508
Baffin,1989,1,1177539.498,0.667
Baffin,1989,2,1435873.83,0.813
Baffin,1989,3,1476706.252,0.836
Baffin,1989,4,1350062.696,0.765
Baffin,1989,5,1088475.683,0.616
Baffin,1989,6,898970.803,0.509
Baffin,1989,7,490864.201,0.278
Baffin,1989,8,159938.102,0.091
Baffin,1989,9,72553.815,0.041
Baffin,1989,10,247346.34,0.14
Baffin,1989,11,645815.305,0.366
Baffin,1989,12,922883.531,0.523
Baffin,1990,1,1332963.43,0.755
Baffin,1990,2,1582668.191,0.896
Baffin,1990,3,1651612.012,0.935
Baffin,1990,4,1474116.2,0.835
Baffin,1990,5,1278037.187,0.724
Baffin,1990,6,934228.213,0.529
Baffin,1990,7,458822.527,0.26
Baffin,1990,8,73659.62,0.042
Baffin,1990,9,54158.899,0.031
Baffin,1990,10,299956.851,0.17
Baffin,1990,11,708040.631,0.401
Baffin,1990,12,1027208.233,0.582
Baffin,1991,1,1449821.594,0.821
Baffin,1991,2,1623370.684,0.919
Baffin,1991,3,1531833.75,0.868
Baffin,1991,4,1446141.75,0.819
Baffin,1991,5,1263258.11,0.715
Baffin,1991,6,959250.053,0.543
Baffin,1991,7,506444.639,0.287
Baffin,1991,8,92316.386,0.052
Baffin,1991,9,51074.461,0.029
Baffin,1991,10,163407.048,0.093
Baffin,1991,11,620523.557,0.351
Baffin,1991,12,965804.3,0.547
Baffin,1992,1,1300478.692,0.737
Baffin,1992,2,1538394.433,0.871
Baffin,1992,3,1523032.045,0.863
Baffin,1992,4,1308045.528,0.741
Baffin,1992,5,1261165.447,0.714
Baffin,1992,6,923814.781,0.523
Baffin,1992,7,574321.257,0.325
Baffin,1992,8,191233.913,0.108
Baffin,1992,9,89872.52,0.051
Baffin,1992,10,132842.853,0.075
Baffin,1992,11,631935.889,0.358
Baffin,1992,12,1079252.854,0.611
Baffin,1993,1,1606297.161,0.91
Baffin,1993,2,1756053.362,0.995
Baffin,1993,3,1765671.942,1.0
Baffin,1993,4,1644829.842,0.932
Baffin,1993,5,1307261.587,0.74
Baffin,1993,6,918303.073,0.52
Baffin,1993,7,592613.333,0.336
Baffin,1993,8,210481.296,0.119
Baffin,1993,9,81662.57,0.046
Baffin,1993,10,207262.912,0.117
Baffin,1993,11,731858.025,0.414
Baffin,1993,12,1037603.396,0.588
Baffin,1994,1,1286078.018,0.728
Baffin,1994,2,1622912.076,0.919
Baffin,1994,3,1554972.985,0.881
Baffin,1994,4,1402416.558,0.794
Baffin,1994,5,1123012.929,0.636
Baffin,1994,6,797165.073,0.451
Baffin,1994,7,434635.527,0.246
Baffin,1994,8,94966.783,0.054
Baffin,1994,9,57974.067,0.033
Baffin,1994,10,230311.36,0.13
Baffin,1994,11,558208.628,0.316
Baffin,1994,12,928985.634,0.526
Baffin,1995,1,1211441.596,0.686
Baffin,1995,2,1366059.849,0.774
Baffin,1995,3,1457100.843,0.825
Baffin,1995,4,1293033.438,0.732
Baffin,1995,5,1010866.248,0.573
Baffin,1995,6,740410.827,0.419
Baffin,1995,7,481838.212,0.273
Baffin,1995,8,125508.208,0.071
Baffin,1995,9,74552.572,0.042
Baffin,1995,10,260107.66,0.147
Baffin,1995,11,561515.19,0.318
Baffin,1995,12,845006.154,0.479
Baffin,1996,1,1177261.538,0.667
Baffin,1996,2,1330728.156,0.754
Baffin,1996,3,1270649.384,0.72
Baffin,1996,4,1134315.132,0.642
Baffin,1996,5,986110.74,0.558
Baffin,1996,6,894986.696,0.507
Baffin,1996,7,651468.374,0.369
Baffin,1996,8,320891.316,0.182
Baffin,1996,9,158102.908,0.09
Baffin,1996,10,395199.822,0.224
Baffin,1996,11,686243.845,0.389
Baffin,1996,12,841002.972,0.476
Baffin,1997,1,1000471.585,0.567
Baffin,1997,2,1336538.742,0.757
Baffin,1997,3,1399927.954,0.793
Baffin,1997,4,1200823.195,0.68
Baffin,1997,5,1029911.064,0.583
Baffin,1997,6,810409.095,0.459
Baffin,1997,7,424527.902,0.24
Baffin,1997,8,93282.556,0.053
Baffin,1997,9,76128.317,0.043
Baffin,1997,10,293707.819,0.166
Baffin,1997,11,573343.361,0.325
Baffin,1997,12,779623.245,0.442
Baffin,1998,1,1078653.82,0.611
Baffin,1998,2,1255967.126,0.711
Baffin,1998,3,1266157.386,0.717
Baffin,1998,4,1201501.224,0.68
Baffin,1998,5,1034563.746,0.586
Baffin,1998,6,717050.384,0.406
Baffin,1998,7,377491.621,0.214
Baffin,1998,8,93646.42,0.053
Baffin,1998,9,58018.263,0.033
Baffin,1998,10,146786.937,0.083
Baffin,1998,11,495032.241,0.28
Baffin,1998,12,756314.757,0.428
Baffin,1999,1,1048506.333,0.594
Baffin,1999,2,1242103.874,0.703
Baffin,1999,3,1239820.187,0.702
Baffin,1999,4,1121428.609,0.635
Baffin,1999,5,1054405.924,0.597
Baffin,1999,6,809062.306,0.458
Baffin,1999,7,415286.242,0.235
Baffin,1999,8,150037.913,0.085
Baffin,1999,9,67911.329,0.038
Baffin,1999,10,177438.162,0.1
Baffin,1999,11,656351.051,0.372
Baffin,1999,12,842401.122,0.477
Baffin,2000,1,1126621.585,0.638
Baffin,2000,2,1325361.971,0.751
Baffin,2000,3,1370232.956,0.776
Baffin,2000,4,1177901.814,0.667
Baffin,2000,5,1029318.368,0.583
Baffin,2000,6,710058.918,0.402
Baffin,2000,7,319972.142,0.181
Baffin,2000,8,78964.613,0.045
Baffin,2000,9,61189.369,0.035
Baffin,2000,10,158749.65,0.09
Baffin,2000,11,493033.064,0.279
Baffin,2000,12,751416.044,0.426
Baffin,2001,1,1051303.681,0.595
Baffin,2001,2,1291381.09,0.731
Baffin,2001,3,1186554.072,0.672
Baffin,2001,4,1154749.908,0.654
Baffin,2001,5,1054611.359,0.597
Baffin,2001,6,743862.559,0.421
Baffin,2001,7,329769.193,0.187
Baffin,2001,8,75471.385,0.043
Baffin,2001,9,62133.179,0.035
Baffin,2001,10,132696.381,0.075
Baffin,2001,11,506896.338,0.287
Baffin,2001,12,766927.228,0.434
Baffin,2002,1,967592.695,0.548
Baffin,2002,2,1201885.908,0.681
Baffin,2002,3,1309453.354,0.742
Baffin,2002,4,1179201.635,0.668
Baffin,2002,5,972908.229,0.551
Baffin,2002,6,686018.074,0.389
Baffin,2002,7,313278.785,0.177
Baffin,2002,8,71722.999,0.041
Baffin,2002,9,49628.201,0.028
Baffin,2002,10,87035.031,0.049
Baffin,2002,11,356240.281,0.202
Baffin,2002,12,730506.028,0.414
Baffin,2003,1,940173.511,0.532
Baffin,2003,2,1207931.123,0.684
Baffin,2003,3,1314914.494,0.745
Baffin,2003,4,1211124.218,0.686
Baffin,2003,5,1007593.504,0.571
Baffin,2003,6,638805.307,0.362
Baffin,2003,7,203708.918,0.115
Baffin,2003,8,63340.311,0.036
Baffin,2003,9,44363.437,0.025
Baffin,2003,10,77947.646,0.044
Baffin,2003,11,420442.19,0.238
Baffin,2003,12,721858.318,0.409
Baffin,2004,1,893490.861,0.506
Baffin,2004,2,1023059.506,0.579
Baffin,2004,3,1130387.348,0.64
Baffin,2004,4,1094406.168,0.62
Baffin,2004,5,891048.898,0.505
Baffin,2004,6,653562.454,0.37
Baffin,2004,7,378647.463,0.214
Baffin,2004,8,103928.95,0.059
Baffin,2004,9,48170.28,0.027
Baffin,2004,10,84117.075,0.048
Baffin,2004,11,522372.734,0.296
Baffin,2004,12,795059.195,0.45
Baffin,2005,1,1109841.447,0.629
Baffin,2005,2,1234855.587,0.699
Baffin,2005,3,1094672.268,0.62
Baffin,2005,4,1025750.133,0.581
Baffin,2005,5,895401.557,0.507
Baffin,2005,6,665226.504,0.377
Baffin,2005,7,318822.634,0.181
Baffin,2005,8,64186.152,0.036
Baffin,2005,9,39580.589,0.022
Baffin,2005,10,161178.323,0.091
Baffin,2005,11,491216.96,0.278
Baffin,2005,12,712754.721,0.404
Baffin,2006,1,1005349.756,0.569
Baffin,2006,2,1130064.982,0.64
Baffin,2006,3,1034348.299,0.586
Baffin,2006,4,1030659.932,0.584
Baffin,2006,5,890289.132,0.504
Baffin,2006,6,602877.76,0.341
Baffin,2006,7,238748.098,0.135
Baffin,2006,8,64130.209,0.036
Baffin,2006,9,41670.818,0.024
Baffin,2006,10,80806.834,0.046
Baffin,2006,11,326681.854,0.185
Baffin,2006,12,731115.279,0.414
Baffin,2007,1,985434.113,0.558
Baffin,2007,2,1092859.294,0.619
Baffin,2007,3,1173655.855,0.665
Baffin,2007,4,1163264.427,0.659
Baffin,2007,5,1056644.559,0.598
Baffin,2007,6,758861.004,0.43
Baffin,2007,7,289330.035,0.164
Baffin,2007,8,65568.759,0.037
Baffin,2007,9,41446.227,0.023
Baffin,2007,10,119594.306,0.068
Baffin,2007,11,526919.646,0.298
Baffin,2007,12,862240.257,0.488
Baffin,2008,1,1263469.492,0.716
Baffin,2008,2,1455745.348,0.824
Baffin,2008,3,1515616.759,0.858
Baffin,2008,4,1298222.907,0.735
Baffin,2008,5,975030.271,0.552
Baffin,2008,6,663470.824,0.376
Baffin,2008,7,285349.279,0.162
Baffin,2008,8,46136.591,0.026
Baffin,2008,9,43285.98,0.025
Baffin,2008,10,141270.674,0.08
Baffin,2008,11,585458.944,0.332
Baffin,2008,12,868447.609,0.492
Baffin,2009,1,1081083.679,0.612
Baffin,2009,2,1250785.296,0.708
Baffin,2009,3,1401071.595,0.794
Baffin,2009,4,1300111.584,0.736
Baffin,2009,5,1097813.919,0.622
Baffin,2009,6,628269.68,0.356
Baffin,2009,7,250142.453,0.142
Baffin,2009,8,48535.623,0.027
Baffin,2009,9,39503.26,0.022
Baffin,2009,10,125412.946,0.071
Baffin,2009,11,563849.217,0.319
Baffin,2009,12,765507.323,0.434
Baffin,2010,1,907702.613,0.514
Baffin,2010,2,989257.482,0.56
Baffin,2010,3,1089005.234,0.617
Baffin,2010,4,1073885.497,0.608
Baffin,2010,5,918827.193,0.52
Baffin,2010,6,629160.968,0.356
Baffin,2010,7,260228.644,0.147
Baffin,2010,8,50833.07,0.029
Baffin,2010,9,53981.727,0.031
Baffin,2010,10,112302.622,0.064
Baffin,2010,11,355192.818,0.201
Baffin,2010,12,578744.245,0.328
Baffin,2011,1,714253.784,0.405
Baffin,2011,2,926922.35,0.525
Baffin,2011,3,1113395.887,0.631
Baffin,2011,4,1108538.961,0.628
Baffin,2011,5,930115.625,0.527
Baffin,2011,6,718664.559,0.407
Baffin,2011,7,198329.764,0.112
Baffin,2011,8,40570.134,0.023
Baffin,2011,9,33119.638,0.019
Baffin,2011,10,188327.94,0.107
Baffin,2011,11,548853.107,0.311
Baffin,2011,12,814597.06,0.461
Baffin,2012,1,1121970.33,0.635
Baffin,2012,2,1247969.324,0.707
Baffin,2012,3,1474412.656,0.835
Baffin,2012,4,1250628.591,0.708
Baffin,2012,5,1002600.67,0.568
Baffin,2012,6,593404.898,0.336
Baffin,2012,7,157572.634,0.089
Baffin,2012,8,41367.605,0.023
Baffin,2012,9,34127.215,0.019
Baffin,2012,10,70494.123,0.04
Baffin,2012,11,376700.698,0.213
Baffin,2012,12,748516.153,0.424
Baffin,2013,1,1036392.791,0.587
Baffin,2013,2,1191044.878,0.675
Baffin,2013,3,1131250.306,0.641
Baffin,2013,4,1094891.342,0.62
Baffin,2013,5,1029993.068,0.583
Baffin,2013,6,768792.536,0.435
Baffin,2013,7,212729.317,0.12
Baffin,2013,8,59193.487,0.034
Baffin,2013,9,60155.708,0.034
Baffin,2013,10,120046.277,0.068
Baffin,2013,11,493925.704,0.28
Baffin,2013,12,860597.694,0.487
Baffin,2014,1,1124545.717,0.637
Baffin,2014,2,1333595.196,0.755
Baffin,2014,3,1451836.781,0.822
Baffin,2014,4,1358578.724,0.769
Baffin,2014,5,1099288.456,0.623
Baffin,2014,6,681600.849,0.386
Baffin,2014,7,143103.371,0.081
Baffin,2014,8,34488.864,0.02
Baffin,2014,9,28131.311,0.016
Baffin,2014,10,112340.194,0.064
Baffin,2014,11,407880.677,0.231
Baffin,2014,12,803787.348,0.455
Baffin,2015,1,1167403.368,0.661
Baffin,2015,2,1310355.801,0.742
Baffin,2015,3,1470955.118,0.833
Baffin,2015,4,1380998.799,0.782
Baffin,2015,5,1069845.467,0.606
Baffin,2015,6,750602.526,0.425
Baffin,2015,7,389751.649,0.221
Baffin,2015,8,120162.764,0.068
Baffin,2015,9,68842.473,0.039
Baffin,2015,10,120247.646,0.068
Baffin,2015,11,618499.437,0.35
Baffin,2015,12,951812.232,0.539
Baffin,2016,1,1152230.664,0.653
Baffin,2016,2,1314934.297,0.745
Baffin,2016,3,1374704.447,0.779
Baffin,2016,4,1228190.627,0.696
Baffin,2016,5,934608.367,0.529
Baffin,2016,6,618845.868,0.35
Baffin,2016,7,261118.174,0.148
Baffin,2016,8,53354.628,0.03
Baffin,2016,9,35976.126,0.02
Baffin,2016,10,102079.337,0.058
Baffin,2016,11,425216.01,0.241
Baffin,2016,12,862702.403,0.489
Baffin,2017,1,1146485.945,0.649
Baffin,2017,2,1271744.538,0.72
Baffin,2017,3,1288981.285,0.73
Baffin,2017,4,1294661.988,0.733
Baffin,2017,5,1150645.134,0.652
Baffin,2017,6,725631.179,0.411
Baffin,2017,7,349957.82,0.198
Baffin,2017,8,94296.183,0.053
Baffin,2017,9,62659.24,0.035
Baffin,2017,10,157667.573,0.089
Baffin,2017,11,577663.961,0.327
Baffin,2017,12,768994.206,0.436
Baffin,2018,1,1035937.611,0.587
Baffin,2018,2,1354966.145,0.767
Baffin,2018,3,1261866.139,0.715
Baffin,2018,4,1179045.732,0.668
Baffin,2018,5,1094209.811,0.62
Baffin,2018,6,766008.906,0.434
Baffin,2018,7,362620.886,0.205
Baffin,2018,8,75836.307,0.043
Baffin,2018,9,54838.762,0.031
Baffin,2018,10,177594.153,0.101
Baffin,2018,11,655379.089,0.371
Baffin,2018,12,854772.635,0.484
Baffin,2019,1,1086475.239,0.615
Baffin,2019,2,1230358.836,0.697
Baffin,2019,3,1231142.544,0.697
Baffin,2019,4,1113941.298,0.631
Baffin,2019,5,936648.998,0.53
Baffin,2019,6,587385.424,0.333
Baffin,2019,7,171258.094,0.097
Baffin,2019,8,46930.952,0.027
Baffin,2019,9,27600.624,0.016
Baffin,2019,10,61057.94,0.035
Baffin,2019,11,291275.949,0.165
Baffin,2019,12,678576.504,0.384
Baffin,2020,1,974461.347,0.552
Baffin,2020,2,1181121.087,0.669
Baffin,2020,3,1236299.254,0.7
Baffin,2020,4,1036981.003,0.587
Baffin,2020,5,847489.15,0.48
Baffin,2020,6,619129.338,0.351
Baffin,2020,7,195688.491,0.111
Baffin,2020,8,36670.811,0.021
Baffin,2020,9,31777.31,0.018
Baffin,2020,10,82762.022,0.047
Baffin,2020,11,400043.823,0.227
Baffin,2020,12,733089.555,0.415
Baffin,2021,1,917362.266,0.52
Baffin,2021,2,1040584.04,0.589
Baffin,2021,3,1147997.675,0.65
Baffin,2021,4,1074255.327,0.608
Baffin,2021,5,875527.315,0.496
Baffin,2021,6,629820.756,0.357
Baffin,2021,7,204308.9,0.116
Baffin,2021,8,45059.062,0.026
Baffin,2021,9,33770.277,0.019
Baffin,2021,10,64135.631,0.036
Baffin,2021,11,400581.715,0.227
Baffin,2021,12,698631.451,0.396
Baffin,2022,1,973313.225,0.551
Baffin,2022,2,1335339.087,0.756
Baffin,2022,3,1429096.704,0.809
Baffin,2022,4,1206542.314,0.683
Baffin,2022,5,1079292.433,0.611
Baffin,2022,6,788101.638,0.446
Baffin,2022,7,397326.27,0.225
Baffin,2022,8,97802.348,0.055
Baffin,2022,9,62212.219,0.035
Baffin,2022,10,154051.6,0.087
Baffin,2022,11,610663.893,0.346
Baffin,2022,12,756679.164,0.429
Baffin,2023,1,971284.494,0.55
Baffin,2023,2,1238677.663,0.702
Baffin,2023,3,1169490.318,0.662
Baffin,2023,4,1138591.854,0.645
Baffin,2023,5,996055.889,0.564
Baffin,2023,6,787262.077,0.446
Baffin,2023,7,323241.819,0.183
Baffin,2023,8,93866.767,0.053
Baffin,2023,9,57480.744,0.033
Baffin,2023,10,91218.128,0.052
Baffin,2023,11,384496.936,0.218
Baffin,2023,12,688841.484,0.39
Baffin,2024,1,910207.814,0.516
Baffin,2024,2,1169196.39,0.662
Baffin,2024,3,1206294.628,0.683
Baffin,2024,4,1058267.415,0.599
Baffin,2024,5,928433.079,0.526
Baffin,2024,6,704476.663,0.399
Baffin,2024,7,324152.719,0.184
Baffin,2024,8,61884.434,0.035
Baffin,2024,9,41539.982,0.024
Baffin,2024,10,68503.851,0.039
Baffin,2024,11,350976.391,0.199
Baffin,2024,12,752540.262,0.426
Baffin,2025,1,926138.224,0.525
Baffin,2025,2,1132431.103,0.641
Baffin,2025,3,1241977.43,0.703
Baffin,2025,4,1172723.732,0.664
Baffin,2025,5,977992.821,0.554
Baffin,2025,6,624288.835,0.354
Baffin,2025,7,212136.106,0.12
Baffin,2025,8,64324.563,0.036
Baffin,2025,9,49958.465,0.028
Baffin,2025,10,73293.259,0.042
Baffin,2025,11,194806.96,0.11
Baffin,2025,12,535188.511,0.303
Baffin,2026,1,765843.672,0.434
Baffin,2026,2,941609.998,0.533
Baffin,2026,3,1192733.416,0.676
Baffin,2026,4,1207401.667,0.684
Baffin,2026,5,830043.756,0.47
Baffin,2026,6,516443.614,0.292
Baffin,2026,7,208860.332,0.118
Baffin,2026,8,59087.383,0.033
Barents,1978,11,542478.066,0.44
Barents,1978,12,885240.599,0.717
Barents,1979,1,1107873.946,0.898
Barents,1979,2,1211101.473,0.981
Barents,1979,3,1215128.77,0.985
Barents,1979,4,1233940.811,1.0
Barents,1979,5,1193061.566,0.967
Barents,1979,6,949447.691,0.769
Barents,1979,7,412294.139,0.334
Barents,1979,8,97077.557,0.079
Barents,1979,9,10799.982,0.009
Barents,1979,10,109962.103,0.089
Barents,1979,11,377561.721,0.306
Barents,1979,12,735381.129,0.596
Barents,1980,1,931059.729,0.755
Barents,1980,2,1003847.217,0.814
Barents,1980,3,999506.376,0.81
Barents,1980,4,950533.253,0.77
Barents,1980,5,836337.598,0.678
Barents,1980,6,681033.892,0.552
Barents,1980,7,363662.433,0.295
Barents,1980,8,94509.248,0.077
Barents,1980,9,49859.013,0.04
Barents,1980,10,223938.977,0.181
Barents,1980,11,623931.246,0.506
Barents,1980,12,916408.949,0.743
Barents,1981,1,941792.085,0.763
Barents,1981,2,893203.878,0.724
Barents,1981,3,1096905.199,0.889
Barents,1981,4,1163843.055,0.943
Barents,1981,5,1157122.845,0.938
Barents,1981,6,855617.85,0.693
Barents,1981,7,383355.862,0.311
Barents,1981,8,109316.621,0.089
Barents,1981,9,39381.45,0.032
Barents,1981,10,138589.64,0.112
Barents,1981,11,354210.261,0.287
Barents,1981,12,784661.611,0.636
Barents,1982,1,1112524.237,0.902
Barents,1982,2,1143216.714,0.926
Barents,1982,3,1086472.393,0.88
Barents,1982,4,1100111.917,0.892
Barents,1982,5,906553.109,0.735
Barents,1982,6,783321.978,0.635
Barents,1982,7,465041.49,0.377
Barents,1982,8,213504.039,0.173
Barents,1982,9,186206.273,0.151
Barents,1982,10,395022.691,0.32
Barents,1982,11,613847.303,0.497
Barents,1982,12,638915.192,0.518
Barents,1983,1,697565.857,0.565
Barents,1983,2,806046.028,0.653
Barents,1983,3,798098.317,0.647
Barents,1983,4,858860.744,0.696
Barents,1983,5,729343.577,0.591
Barents,1983,6,462480.023,0.375
Barents,1983,7,153863.086,0.125
Barents,1983,8,37173.095,0.03
Barents,1983,9,7886.771,0.006
Barents,1983,10,88320.572,0.072
Barents,1983,11,477744.319,0.387
Barents,1983,12,754093.9,0.611
Barents,1984,1,746870.085,0.605
Barents,1984,2,669337.192,0.542
Barents,1984,3,807797.716,0.655
Barents,1984,4,878639.992,0.712
Barents,1984,5,637957.612,0.517
Barents,1984,6,416970.372,0.338
Barents,1984,7,91937.805,0.075
Barents,1984,8,11893.801,0.01
Barents,1984,9,2442.752,0.002
Barents,1984,10,43023.334,0.035
Barents,1984,11,263543.779,0.214
Barents,1984,12,481346.517,0.39
Barents,1985,1,752183.913,0.61
Barents,1985,2,883535.262,0.716
Barents,1985,3,813476.045,0.659
Barents,1985,4,1013200.618,0.821
Barents,1985,5,881575.619,0.714
Barents,1985,6,605604.904,0.491
Barents,1985,7,195391.832,0.158
Barents,1985,8,44757.118,0.036
Barents,1985,9,19400.344,0.016
Barents,1985,10,110786.016,0.09
Barents,1985,11,402748.299,0.326
Barents,1985,12,701426.922,0.568
Barents,1986,1,879798.735,0.713
Barents,1986,2,932751.22,0.756
Barents,1986,3,892772.133,0.724
Barents,1986,4,965799.546,0.783
Barents,1986,5,863866.443,0.7
Barents,1986,6,599990.874,0.486
Barents,1986,7,270008.882,0.219
Barents,1986,8,63943.818,0.052
Barents,1986,9,49959.693,0.04
Barents,1986,10,200154.7,0.162
Barents,1986,11,391234.605,0.317
Barents,1986,12,685292.225,0.555
Barents,1987,1,831425.209,0.674
Barents,1987,2,1048902.996,0.85
Barents,1987,3,1020191.857,0.827
Barents,1987,4,1125478.342,0.912
Barents,1987,5,930234.468,0.754
Barents,1987,6,699475.903,0.567
Barents,1987,7,351403.28,0.285
Barents,1987,8,93711.479,0.076
Barents,1987,9,62826.681,0.051
Barents,1987,10,311074.358,0.252
Barents,1987,11,484374.949,0.393
Barents,1988,2,915492.207,0.742
Barents,1988,3,929832.013,0.754
Barents,1988,4,1000399.341,0.811
Barents,1988,5,843653.139,0.684
Barents,1988,6,548348.429,0.444
Barents,1988,7,288757.098,0.234
Barents,1988,8,123814.416,0.1
Barents,1988,9,99204.563,0.08
Barents,1988,10,355319.107,0.288
Barents,1988,11,673910.609,0.546
Barents,1988,12,827140.623,0.67
Barents,1989,1,945265.19,0.766
Barents,1989,2,956080.537,0.775
Barents,1989,3,857880.425,0.695
Barents,1989,4,782813.387,0.634
Barents,1989,5,583212.42,0.473
Barents,1989,6,549395.282,0.445
Barents,1989,7,346158.255,0.281
Barents,1989,8,166361.452,0.135
Barents,1989,9,156508.042,0.127
Barents,1989,10,283635.9,0.23
Barents,1989,11,457087.192,0.37
Barents,1989,12,671475.761,0.544
Barents,1990,1,756770.948,0.613
Barents,1990,2,748729.446,0.607
Barents,1990,3,853281.045,0.692
Barents,1990,4,707975.781,0.574
Barents,1990,5,531535.416,0.431
Barents,1990,6,395917.473,0.321
Barents,1990,7,126067.687,0.102
Barents,1990,8,64989.734,0.053
Barents,1990,9,29126.129,0.024
Barents,1990,10,96343.845,0.078
Barents,1990,11,429451.589,0.348
Barents,1990,12,613042.972,0.497
Barents,1991,1,728761.514,0.591
Barents,1991,2,712338.692,0.577
Barents,1991,3,812927.419,0.659
Barents,1991,4,812483.262,0.658
Barents,1991,5,737129.442,0.597
Barents,1991,6,488057.677,0.396
Barents,1991,7,196309.15,0.159
Barents,1991,8,70333.672,0.057
Barents,1991,9,25676.161,0.021
Barents,1991,10,205975.171,0.167
Barents,1991,11,486556.481,0.394
Barents,1991,12,571646.075,0.463
Barents,1992,1,679091.321,0.55
Barents,1992,2,768552.654,0.623
Barents,1992,3,675511.457,0.547
Barents,1992,4,746464.777,0.605
Barents,1992,5,382053.105,0.31
Barents,1992,6,343317.809,0.278
Barents,1992,7,212945.496,0.173
Barents,1992,8,75581.59,0.061
Barents,1992,9,34901.905,0.028
Barents,1992,10,280696.176,0.227
Barents,1992,11,487757.147,0.395
Barents,1992,12,601306.439,0.487
Barents,1993,1,698181.397,0.566
Barents,1993,2,746377.121,0.605
Barents,1993,3,825528.798,0.669
Barents,1993,4,893908.881,0.724
Barents,1993,5,729936.636,0.592
Barents,1993,6,543932.284,0.441
Barents,1993,7,335120.273,0.272
Barents,1993,8,159267.202,0.129
Barents,1993,9,141896.568,0.115
Barents,1993,10,331079.066,0.268
Barents,1993,11,500023.373,0.405
Barents,1993,12,610761.472,0.495
Barents,1994,1,861478.488,0.698
Barents,1994,2,933205.654,0.756
Barents,1994,3,894415.765,0.725
Barents,1994,4,888601.34,0.72
Barents,1994,5,822891.35,0.667
Barents,1994,6,491043.735,0.398
Barents,1994,7,178042.899,0.144
Barents,1994,8,34770.113,0.028
Barents,1994,9,9715.305,0.008
Barents,1994,10,187134.608,0.152
Barents,1994,11,562963.183,0.456
Barents,1994,12,612765.463,0.497
Barents,1995,1,717392.245,0.581
Barents,1995,2,700440.99,0.568
Barents,1995,3,689707.654,0.559
Barents,1995,4,488590.75,0.396
Barents,1995,5,430914.85,0.349
Barents,1995,6,347516.891,0.282
Barents,1995,7,143666.911,0.116
Barents,1995,8,28620.97,0.023
Barents,1995,9,6134.97,0.005
Barents,1995,10,92162.212,0.075
Barents,1995,11,506111.644,0.41
Barents,1995,12,688884.138,0.558
Barents,1996,1,793060.824,0.643
Barents,1996,2,927147.886,0.751
Barents,1996,3,823662.507,0.668
Barents,1996,4,838910.272,0.68
Barents,1996,5,756316.592,0.613
Barents,1996,6,520707.553,0.422
Barents,1996,7,259511.382,0.21
Barents,1996,8,57201.502,0.046
Barents,1996,9,14883.908,0.012
Barents,1996,10,150011.451,0.122
Barents,1996,11,300882.28,0.244
Barents,1996,12,538971.895,0.437
Barents,1997,1,813548.455,0.659
Barents,1997,2,966726.656,0.783
Barents,1997,3,892378.01,0.723
Barents,1997,4,1057838.592,0.857
Barents,1997,5,827840.751,0.671
Barents,1997,6,503492.216,0.408
Barents,1997,7,283002.574,0.229
Barents,1997,8,50861.941,0.041
Barents,1997,9,13360.466,0.011
Barents,1997,10,104351.372,0.085
Barents,1997,11,481642.215,0.39
Barents,1997,12,696617.061,0.565
Barents,1998,1,861002.239,0.698
Barents,1998,2,1039275.768,0.842
Barents,1998,3,1077777.622,0.873
Barents,1998,4,1142795.762,0.926
Barents,1998,5,1048092.391,0.849
Barents,1998,6,818718.596,0.663
Barents,1998,7,375549.494,0.304
Barents,1998,8,82598.473,0.067
Barents,1998,9,78376.864,0.064
Barents,1998,10,260000.668,0.211
Barents,1998,11,626914.323,0.508
Barents,1998,12,734542.55,0.595
Barents,1999,1,881841.208,0.715
Barents,1999,2,967374.538,0.784
Barents,1999,3,937685.697,0.76
Barents,1999,4,1028268.408,0.833
Barents,1999,5,989287.564,0.802
Barents,1999,6,687128.409,0.557
Barents,1999,7,232496.836,0.188
Barents,1999,8,98603.219,0.08
Barents,1999,9,81958.89,0.066
Barents,1999,10,174367.669,0.141
Barents,1999,11,330594.235,0.268
Barents,1999,12,503399.232,0.408
Barents,2000,1,639043.178,0.518
Barents,2000,2,709633.199,0.575
Barents,2000,3,724029.247,0.587
Barents,2000,4,750410.397,0.608
Barents,2000,5,563173.334,0.456
Barents,2000,6,356500.063,0.289
Barents,2000,7,158362.572,0.128
Barents,2000,8,9379.746,0.008
Barents,2000,9,5256.609,0.004
Barents,2000,10,39467.619,0.032
Barents,2000,11,184354.351,0.149
Barents,2000,12,426705.017,0.346
Barents,2001,1,568452.202,0.461
Barents,2001,2,721777.419,0.585
Barents,2001,3,901532.624,0.731
Barents,2001,4,895290.621,0.726
Barents,2001,5,661321.45,0.536
Barents,2001,6,376983.791,0.306
Barents,2001,7,69245.349,0.056
Barents,2001,8,15997.747,0.013
Barents,2001,9,2493.077,0.002
Barents,2001,10,41427.859,0.034
Barents,2001,11,354509.163,0.287
Barents,2001,12,455609.081,0.369
Barents,2002,1,682975.2,0.553
Barents,2002,2,823859.318,0.668
Barents,2002,3,853403.702,0.692
Barents,2002,4,767117.382,0.622
Barents,2002,5,704349.584,0.571
Barents,2002,6,451147.346,0.366
Barents,2002,7,102279.625,0.083
Barents,2002,8,36793.901,0.03
Barents,2002,9,32633.577,0.026
Barents,2002,10,205707.462,0.167
Barents,2002,11,482335.6,0.391
Barents,2002,12,665094.306,0.539
Barents,2003,1,920670.932,0.746
Barents,2003,2,933846.743,0.757
Barents,2003,3,987205.622,0.8
Barents,2003,4,947376.722,0.768
Barents,2003,5,851911.266,0.69
Barents,2003,6,672830.291,0.545
Barents,2003,7,323383.097,0.262
Barents,2003,8,109204.219,0.089
Barents,2003,9,101603.911,0.082
Barents,2003,10,202196.352,0.164
Barents,2003,11,426018.259,0.345
Barents,2003,12,671892.286,0.545
Barents,2004,1,854114.046,0.692
Barents,2004,2,902649.114,0.732
Barents,2004,3,882021.58,0.715
Barents,2004,4,830934.535,0.673
Barents,2004,5,625290.761,0.507
Barents,2004,6,418924.664,0.34
Barents,2004,7,191961.439,0.156
Barents,2004,8,26170.079,0.021
Barents,2004,9,7548.921,0.006
Barents,2004,10,81018.114,0.066
Barents,2004,11,353862.647,0.287
Barents,2004,12,466642.547,0.378
Barents,2005,1,514647.525,0.417
Barents,2005,2,520832.44,0.422
Barents,2005,3,768600.229,0.623
Barents,2005,4,799969.298,0.648
Barents,2005,5,669512.748,0.543
Barents,2005,6,334044.111,0.271
Barents,2005,7,86487.076,0.07
Barents,2005,8,6656.17,0.005
Barents,2005,9,3412.599,0.003
Barents,2005,10,107528.012,0.087
Barents,2005,11,301938.031,0.245
Barents,2005,12,336911.252,0.273
Barents,2006,1,368151.707,0.298
Barents,2006,2,554752.475,0.45
Barents,2006,3,714923.451,0.579
Barents,2006,4,591453.655,0.479
Barents,2006,5,253388.118,0.205
Barents,2006,6,136757.69,0.111
Barents,2006,7,32009.793,0.026
Barents,2006,8,6201.253,0.005
Barents,2006,9,5472.25,0.004
Barents,2006,10,148305.39,0.12
Barents,2006,11,180516.809,0.146
Barents,2006,12,264656.925,0.214
Barents,2007,1,393594.233,0.319
Barents,2007,2,633089.251,0.513
Barents,2007,3,552625.027,0.448
Barents,2007,4,501363.935,0.406
Barents,2007,5,381482.52,0.309
Barents,2007,6,272457.255,0.221
Barents,2007,7,64386.091,0.052
Barents,2007,8,20824.626,0.017
Barents,2007,9,2606.194,0.002
Barents,2007,10,35850.654,0.029
Barents,2007,11,121206.668,0.098
Barents,2007,12,284837.643,0.231
Barents,2008,1,372748.525,0.302
Barents,2008,2,437072.792,0.354
Barents,2008,3,571360.98,0.463
Barents,2008,4,587267.939,0.476
Barents,2008,5,470347.609,0.381
Barents,2008,6,327608.142,0.265
Barents,2008,7,115937.396,0.094
Barents,2008,8,42031.474,0.034
Barents,2008,9,31058.298,0.025
Barents,2008,10,107837.074,0.087
Barents,2008,11,308402.014,0.25
Barents,2008,12,408161.99,0.331
Barents,2009,1,570815.983,0.463
Barents,2009,2,626771.703,0.508
Barents,2009,3,679328.634,0.551
Barents,2009,4,758164.973,0.614
Barents,2009,5,609051.912,0.494
Barents,2009,6,281627.941,0.228
Barents,2009,7,74406.323,0.06
Barents,2009,8,45027.939,0.036
Barents,2009,9,23204.726,0.019
Barents,2009,10,42048.941,0.034
Barents,2009,11,93222.729,0.076
Barents,2009,12,340685.627,0.276
Barents,2010,1,572469.431,0.464
Barents,2010,2,667174.61,0.541
Barents,2010,3,842659.096,0.683
Barents,2010,4,856875.1,0.694
Barents,2010,5,418901.843,0.339
Barents,2010,6,165720.592,0.134
Barents,2010,7,33864.256,0.027
Barents,2010,8,4350.474,0.004
Barents,2010,9,9858.423,0.008
Barents,2010,10,27022.044,0.022
Barents,2010,11,238730.394,0.193
Barents,2010,12,546709.69,0.443
Barents,2011,1,685116.705,0.555
Barents,2011,2,777799.843,0.63
Barents,2011,3,698124.244,0.566
Barents,2011,4,687635.24,0.557
Barents,2011,5,537779.726,0.436
Barents,2011,6,261491.651,0.212
Barents,2011,7,69821.683,0.057
Barents,2011,8,11567.913,0.009
Barents,2011,9,2039.894,0.002
Barents,2011,10,30859.342,0.025
Barents,2011,11,147293.644,0.119
Barents,2011,12,278262.719,0.226
Barents,2012,1,350425.982,0.284
Barents,2012,2,391925.125,0.318
Barents,2012,3,495512.933,0.402
Barents,2012,4,530683.477,0.43
Barents,2012,5,263566.949,0.214
Barents,2012,6,94704.508,0.077
Barents,2012,7,7637.677,0.006
Barents,2012,8,3665.127,0.003
Barents,2012,9,1356.188,0.001
Barents,2012,10,21396.928,0.017
Barents,2012,11,56450.46,0.046
Barents,2012,12,248735.373,0.202
Barents,2013,1,376070.241,0.305
Barents,2013,2,521552.847,0.423
Barents,2013,3,750382.586,0.608
Barents,2013,4,709935.955,0.575
Barents,2013,5,397863.634,0.322
Barents,2013,6,145577.752,0.118
Barents,2013,7,6220.516,0.005
Barents,2013,8,4156.525,0.003
Barents,2013,9,1496.554,0.001
Barents,2013,10,30570.479,0.025
Barents,2013,11,84422.264,0.068
Barents,2013,12,339634.74,0.275
Barents,2014,1,506248.657,0.41
Barents,2014,2,484365.841,0.393
Barents,2014,3,549865.6,0.446
Barents,2014,4,618561.772,0.501
Barents,2014,5,461965.178,0.374
Barents,2014,6,209027.101,0.169
Barents,2014,7,72409.758,0.059
Barents,2014,8,99982.801,0.081
Barents,2014,9,98312.251,0.08
Barents,2014,10,183783.207,0.149
Barents,2014,11,403570.105,0.327
Barents,2014,12,458475.037,0.372
Barents,2015,1,618765.097,0.501
Barents,2015,2,722460.447,0.585
Barents,2015,3,560507.722,0.454
Barents,2015,4,426644.459,0.346
Barents,2015,5,359569.01,0.291
Barents,2015,6,224213.875,0.182
Barents,2015,7,90534.637,0.073
Barents,2015,8,13180.115,0.011
Barents,2015,9,1742.431,0.001
Barents,2015,10,25408.97,0.021
Barents,2015,11,64105.81,0.052
Barents,2015,12,188477.12,0.153
Barents,2016,1,385483.351,0.312
Barents,2016,2,379798.936,0.308
Barents,2016,3,401870.542,0.326
Barents,2016,4,373173.126,0.302
Barents,2016,5,188528.719,0.153
Barents,2016,6,67218.37,0.054
Barents,2016,7,6348.148,0.005
Barents,2016,8,4946.548,0.004
Barents,2016,9,1624.47,0.001
Barents,2016,10,19135.744,0.016
Barents,2016,11,43942.011,0.036
Barents,2016,12,156881.609,0.127
Barents,2017,1,294670.077,0.239
Barents,2017,2,445048.537,0.361
Barents,2017,3,545936.511,0.442
Barents,2017,4,547939.236,0.444
Barents,2017,5,483275.819,0.392
Barents,2017,6,227461.896,0.184
Barents,2017,7,75784.785,0.061
Barents,2017,8,21670.393,0.018
Barents,2017,9,1269.073,0.001
Barents,2017,10,38779.41,0.031
Barents,2017,11,113114.077,0.092
Barents,2017,12,198233.788,0.161
Barents,2018,1,320822.22,0.26
Barents,2018,2,462342.659,0.375
Barents,2018,3,662322.479,0.537
Barents,2018,4,730655.843,0.592
Barents,2018,5,460286.928,0.373
Barents,2018,6,167633.361,0.136
Barents,2018,7,29531.587,0.024
Barents,2018,8,4807.076,0.004
Barents,2018,9,1979.706,0.002
Barents,2018,10,19418.387,0.016
Barents,2018,11,89673.005,0.073
Barents,2018,12,171032.546,0.139
Barents,2019,1,415345.838,0.337
Barents,2019,2,589969.646,0.478
Barents,2019,3,732489.669,0.594
Barents,2019,4,581307.014,0.471
Barents,2019,5,440856.132,0.357
Barents,2019,6,265975.112,0.216
Barents,2019,7,112300.019,0.091
Barents,2019,8,44787.893,0.036
Barents,2019,9,14909.156,0.012
Barents,2019,10,54595.378,0.044
Barents,2019,11,242829.93,0.197
Barents,2019,12,406860.687,0.33
Barents,2020,1,605897.837,0.491
Barents,2020,2,654073.79,0.53
Barents,2020,3,701143.91,0.568
Barents,2020,4,657891.34,0.533
Barents,2020,5,432215.421,0.35
Barents,2020,6,201834.787,0.164
Barents,2020,7,55041.511,0.045
Barents,2020,8,5387.468,0.004
Barents,2020,9,1576.813,0.001
Barents,2020,10,21681.895,0.018
Barents,2020,11,37772.681,0.031
Barents,2020,12,239568.531,0.194
Barents,2021,1,427703.33,0.347
Barents,2021,2,753043.012,0.61
Barents,2021,3,764554.603,0.62
Barents,2021,4,563799.961,0.457
Barents,2021,5,444109.886,0.36
Barents,2021,6,189669.492,0.154
Barents,2021,7,63664.521,0.052
Barents,2021,8,5984.539,0.005
Barents,2021,9,1192.062,0.001
Barents,2021,10,25987.74,0.021
Barents,2021,11,227374.13,0.184
Barents,2021,12,498316.637,0.404
Barents,2022,1,666292.874,0.54
Barents,2022,2,673348.837,0.546
Barents,2022,3,635756.948,0.515
Barents,2022,4,673503.693,0.546
Barents,2022,5,550922.786,0.446
Barents,2022,6,116554.569,0.094
Barents,2022,7,12012.356,0.01
Barents,2022,8,5446.433,0.004
Barents,2022,9,2183.701,0.002
Barents,2022,10,31883.576,0.026
Barents,2022,11,98802.296,0.08
Barents,2022,12,224779.107,0.182
Barents,2023,1,293031.996,0.237
Barents,2023,2,371217.75,0.301
Barents,2023,3,559403.314,0.453
Barents,2023,4,567174.438,0.46
Barents,2023,5,371130.919,0.301
Barents,2023,6,128462.751,0.104
Barents,2023,7,50423.16,0.041
Barents,2023,8,9537.636,0.008
Barents,2023,9,2100.291,0.002
Barents,2023,10,34369.524,0.028
Barents,2023,11,202680.713,0.164
Barents,2023,12,345502.648,0.28
Barents,2024,1,581732.836,0.471
Barents,2024,2,531075.504,0.43
Barents,2024,3,689056.893,0.558
Barents,2024,4,807572.949,0.654
Barents,2024,5,577854.211,0.468
Barents,2024,6,281395.428,0.228
Barents,2024,7,14671.617,0.012
Barents,2024,8,3355.482,0.003
Barents,2024,9,4539.068,0.004
Barents,2024,10,24298.176,0.02
Barents,2024,11,52933.724,0.043
Barents,2024,12,231284.604,0.187
Barents,2025,1,413153.256,0.335
Barents,2025,2,411603.63,0.334
Barents,2025,3,469086.598,0.38
Barents,2025,4,515359.288,0.418
Barents,2025,5,375831.868,0.305
Barents,2025,6,110368.198,0.089
Barents,2025,7,12466.298,0.01
Barents,2025,8,2496.02,0.002
Barents,2025,9,730.087,0.001
Barents,2025,10,14908.384,0.012
Barents,2025,11,34497.554,0.028
Barents,2025,12,132599.703,0.107
Barents,2026,1,374066.95,0.303
Barents,2026,2,575703.756,0.467
Barents,2026,3,567626.489,0.46
Barents,2026,4,480177.374,0.389
Barents,2026,5,289060.336,0.234
Barents,2026,6,62089.457,0.05
Barents,2026,7,5132.47,0.004
Barents,2026,8,3179.343,0.003
Beaufort,1978,11,940219.39,1.0
Beaufort,1978,12,940219.39,1.0
Beaufort,1979,1,940219.39,1.0
Beaufort,1979,2,940219.39,1.0
Beaufort,1979,3,940219.39,1.0
Beaufort,1979,4,940219.39,1.0
Beaufort,1979,5,934964.516,0.994
Beaufort,1979,6,910991.276,0.969
Beaufort,1979,7,879673.727,0.936
Beaufort,1979,8,716672.225,0.762
Beaufort,1979,9,625103.959,0.665
Beaufort,1979,10,804376.308,0.856
Beaufort,1979,11,940136.128,1.0
Beaufort,1979,12,940219.39,1.0
Beaufort,1980,1,940219.39,1.0
Beaufort,1980,2,940219.39,1.0
Beaufort,1980,3,940219.39,1.0
Beaufort,1980,4,940219.39,1.0
Beaufort,1980,5,940136.178,1.0
Beaufort,1980,6,939714.773,0.999
Beaufort,1980,7,834385.806,0.887
Beaufort,1980,8,742015.071,0.789
Beaufort,1980,9,843395.148,0.897
Beaufort,1980,10,892040.441,0.949
Beaufort,1980,11,940219.39,1.0
Beaufort,1980,12,940219.39,1.0
Beaufort,1981,1,940219.39,1.0
Beaufort,1981,2,940219.39,1.0
Beaufort,1981,3,940219.39,1.0
Beaufort,1981,4,940219.39,1.0
Beaufort,1981,5,940219.39,1.0
Beaufort,1981,6,923217.501,0.982
Beaufort,1981,7,851430.455,0.906
Beaufort,1981,8,690514.59,0.734
Beaufort,1981,9,692876.932,0.737
Beaufort,1981,10,834387.795,0.887
Beaufort,1981,11,939802.545,1.0
Beaufort,1981,12,940219.39,1.0
Beaufort,1982,1,940219.39,1.0
Beaufort,1982,2,940219.39,1.0
Beaufort,1982,3,940219.39,1.0
Beaufort,1982,4,940219.39,1.0
Beaufort,1982,5,933041.157,0.992
Beaufort,1982,6,879738.206,0.936
Beaufort,1982,7,750241.928,0.798
Beaufort,1982,8,720458.117,0.766
Beaufort,1982,9,626697.498,0.667
Beaufort,1982,10,841608.499,0.895
Beaufort,1982,11,940219.39,1.0
Beaufort,1982,12,940219.39,1.0
Beaufort,1983,1,940219.39,1.0
Beaufort,1983,2,940174.839,1.0
Beaufort,1983,3,940219.39,1.0
Beaufort,1983,4,940219.39,1.0
Beaufort,1983,5,940219.39,1.0
Beaufort,1983,6,926838.471,0.986
Beaufort,1983,7,860599.435,0.915
Beaufort,1983,8,817714.094,0.87
Beaufort,1983,9,870604.451,0.926
Beaufort,1983,10,930746.627,0.99
Beaufort,1983,11,940219.39,1.0
Beaufort,1983,12,940219.39,1.0
Beaufort,1984,1,940219.39,1.0
Beaufort,1984,2,940219.39,1.0
Beaufort,1984,3,940219.39,1.0
Beaufort,1984,4,940219.39,1.0
Beaufort,1984,5,940219.39,1.0
Beaufort,1984,6,937489.883,0.997
Beaufort,1984,7,901344.032,0.959
Beaufort,1984,8,862912.577,0.918
Beaufort,1984,9,811711.741,0.863
Beaufort,1984,10,913923.517,0.972
Beaufort,1984,11,940219.39,1.0
Beaufort,1984,12,940219.39,1.0
Beaufort,1985,1,940219.39,1.0
Beaufort,1985,2,940219.39,1.0
Beaufort,1985,3,940219.39,1.0
Beaufort,1985,4,940219.39,1.0
Beaufort,1985,5,940005.02,1.0
Beaufort,1985,6,921552.901,0.98
Beaufort,1985,7,902960.724,0.96
Beaufort,1985,8,886917.083,0.943
Beaufort,1985,9,854122.975,0.908
Beaufort,1985,10,932795.576,0.992
Beaufort,1985,11,940219.39,1.0
Beaufort,1985,12,940219.39,1.0
Beaufort,1986,1,940219.39,1.0
Beaufort,1986,2,940219.39,1.0
Beaufort,1986,3,940219.39,1.0
Beaufort,1986,4,940219.39,1.0
Beaufort,1986,5,938784.847,0.998
Beaufort,1986,6,933136.487,0.992
Beaufort,1986,7,904354.668,0.962
Beaufort,1986,8,801199.304,0.852
Beaufort,1986,9,726061.879,0.772
Beaufort,1986,10,896218.522,0.953
Beaufort,1986,11,940177.473,1.0
Beaufort,1986,12,940219.39,1.0
Beaufort,1987,1,940219.39,1.0
Beaufort,1987,2,940219.39,1.0
Beaufort,1987,3,940219.39,1.0
Beaufort,1987,4,940219.39,1.0
Beaufort,1987,5,940050.353,1.0
Beaufort,1987,6,882269.005,0.938
Beaufort,1987,7,696150.037,0.74
Beaufort,1987,8,623838.724,0.664
Beaufort,1987,9,679067.48,0.722
Beaufort,1987,10,697286.709,0.742
Beaufort,1987,11,936025.024,0.996
Beaufort,1988,2,940219.39,1.0
Beaufort,1988,3,940219.39,1.0
Beaufort,1988,4,940219.39,1.0
Beaufort,1988,5,934629.656,0.994
Beaufort,1988,6,865928.817,0.921
Beaufort,1988,7,774722.709,0.824
Beaufort,1988,8,786583.082,0.837
Beaufort,1988,9,764831.976,0.813
Beaufort,1988,10,876342.964,0.932
Beaufort,1988,11,940219.39,1.0
Beaufort,1988,12,940219.39,1.0
Beaufort,1989,1,940219.39,1.0
Beaufort,1989,2,940219.39,1.0
Beaufort,1989,3,940198.811,1.0
Beaufort,1989,4,940219.39,1.0
Beaufort,1989,5,940219.39,1.0
Beaufort,1989,6,940073.133,1.0
Beaufort,1989,7,915254.493,0.973
Beaufort,1989,8,765229.522,0.814
Beaufort,1989,9,703187.848,0.748
Beaufort,1989,10,805673.407,0.857
Beaufort,1989,11,940198.644,1.0
Beaufort,1989,12,940219.39,1.0
Beaufort,1990,1,940219.39,1.0
Beaufort,1990,2,940219.39,1.0
Beaufort,1990,3,940219.39,1.0
Beaufort,1990,4,940198.2,1.0
Beaufort,1990,5,937893.083,0.998
Beaufort,1990,6,922423.283,0.981
Beaufort,1990,7,832199.877,0.885
Beaufort,1990,8,761285.302,0.81
Beaufort,1990,9,736996.72,0.784
Beaufort,1990,10,848376.739,0.902
Beaufort,1990,11,940219.39,1.0
Beaufort,1990,12,940219.39,1.0
Beaufort,1991,1,940219.39,1.0
Beaufort,1991,2,940219.39,1.0
Beaufort,1991,3,940219.39,1.0
Beaufort,1991,4,940219.39,1.0
Beaufort,1991,5,925551.85,0.984
Beaufort,1991,6,909783.863,0.968
Beaufort,1991,7,907686.178,0.965
Beaufort,1991,8,907297.051,0.965
Beaufort,1991,9,863166.795,0.918
Beaufort,1991,10,896962.958,0.954
Beaufort,1991,11,940219.39,1.0
Beaufort,1991,12,940219.39,1.0
Beaufort,1992,1,940219.39,1.0
Beaufort,1992,2,940219.39,1.0
Beaufort,1992,3,940219.39,1.0
Beaufort,1992,4,940219.39,1.0
Beaufort,1992,5,940219.39,1.0
Beaufort,1992,6,940219.39,1.0
Beaufort,1992,7,884832.125,0.941
Beaufort,1992,8,822629.741,0.875
Beaufort,1992,9,818519.858,0.871
Beaufort,1992,10,936496.641,0.996
Beaufort,1992,11,940219.39,1.0
Beaufort,1992,12,940198.96,1.0
Beaufort,1993,1,940156.865,1.0
Beaufort,1993,2,940196.65,1.0
Beaufort,1993,3,940219.39,1.0
Beaufort,1993,4,940219.39,1.0
Beaufort,1993,5,936390.315,0.996
Beaufort,1993,6,835900.363,0.889
Beaufort,1993,7,683039.746,0.726
Beaufort,1993,8,657130.277,0.699
Beaufort,1993,9,587286.565,0.625
Beaufort,1993,10,693949.741,0.738
Beaufort,1993,11,936556.544,0.996
Beaufort,1993,12,940178.324,1.0
Beaufort,1994,1,940219.39,1.0
Beaufort,1994,2,940219.39,1.0
Beaufort,1994,3,940219.39,1.0
Beaufort,1994,4,940219.39,1.0
Beaufort,1994,5,938898.035,0.999
Beaufort,1994,6,938236.005,0.998
Beaufort,1994,7,917002.112,0.975
Beaufort,1994,8,805201.247,0.856
Beaufort,1994,9,779142.162,0.829
Beaufort,1994,10,908366.398,0.966
Beaufort,1994,11,940156.75,1.0
Beaufort,1994,12,940199.153,1.0
Beaufort,1995,1,940219.39,1.0
Beaufort,1995,2,940219.39,1.0
Beaufort,1995,3,940219.39,1.0
Beaufort,1995,4,940114.419,1.0
Beaufort,1995,5,923355.336,0.982
Beaufort,1995,6,875527.794,0.931
Beaufort,1995,7,740802.138,0.788
Beaufort,1995,8,643799.454,0.685
Beaufort,1995,9,630365.677,0.67
Beaufort,1995,10,772398.395,0.822
Beaufort,1995,11,940219.39,1.0
Beaufort,1995,12,940219.39,1.0
Beaufort,1996,1,940199.111,1.0
Beaufort,1996,2,940219.39,1.0
Beaufort,1996,3,940219.39,1.0
Beaufort,1996,4,940219.39,1.0
Beaufort,1996,5,940219.39,1.0
Beaufort,1996,6,939969.977,1.0
Beaufort,1996,7,895102.056,0.952
Beaufort,1996,8,837214.875,0.89
Beaufort,1996,9,876496.899,0.932
Beaufort,1996,10,940219.39,1.0
Beaufort,1996,11,940219.39,1.0
Beaufort,1996,12,940219.39,1.0
Beaufort,1997,1,940219.39,1.0
Beaufort,1997,2,940219.39,1.0
Beaufort,1997,3,940219.39,1.0
Beaufort,1997,4,940219.39,1.0
Beaufort,1997,5,940138.841,1.0
Beaufort,1997,6,913927.98,0.972
Beaufort,1997,7,824330.917,0.877
Beaufort,1997,8,711490.741,0.757
Beaufort,1997,9,618335.85,0.658
Beaufort,1997,10,786762.843,0.837
Beaufort,1997,11,939061.635,0.999
Beaufort,1997,12,940219.39,1.0
Beaufort,1998,1,940219.39,1.0
Beaufort,1998,2,940219.39,1.0
Beaufort,1998,3,940219.39,1.0
Beaufort,1998,4,940198.501,1.0
Beaufort,1998,5,892792.501,0.95
Beaufort,1998,6,674219.32,0.717
Beaufort,1998,7,515621.68,0.548
Beaufort,1998,8,462102.463,0.491
Beaufort,1998,9,403760.568,0.429
Beaufort,1998,10,554623.377,0.59
Beaufort,1998,11,862374.467,0.917
Beaufort,1998,12,940219.39,1.0
Beaufort,1999,1,940219.39,1.0
Beaufort,1999,2,940219.39,1.0
Beaufort,1999,3,940219.39,1.0
Beaufort,1999,4,940219.39,1.0
Beaufort,1999,5,940057.133,1.0
Beaufort,1999,6,926932.21,0.986
Beaufort,1999,7,873468.657,0.929
Beaufort,1999,8,676956.457,0.72
Beaufort,1999,9,613229.755,0.652
Beaufort,1999,10,835744.459,0.889
Beaufort,1999,11,940051.379,1.0
Beaufort,1999,12,940219.39,1.0
Beaufort,2000,1,940219.39,1.0
Beaufort,2000,2,940219.39,1.0
Beaufort,2000,3,940219.39,1.0
Beaufort,2000,4,940219.39,1.0
Beaufort,2000,5,940219.39,1.0
Beaufort,2000,6,940219.39,1.0
Beaufort,2000,7,925925.406,0.985
Beaufort,2000,8,770618.807,0.82
Beaufort,2000,9,658053.968,0.7
Beaufort,2000,10,882825.726,0.939
Beaufort,2000,11,940219.39,1.0
Beaufort,2000,12,940219.39,1.0
Beaufort,2001,1,940219.39,1.0
Beaufort,2001,2,940219.39,1.0
Beaufort,2001,3,940219.39,1.0
Beaufort,2001,4,940219.39,1.0
Beaufort,2001,5,940219.39,1.0
Beaufort,2001,6,939824.852,1.0
Beaufort,2001,7,904475.038,0.962
Beaufort,2001,8,855409.232,0.91
Beaufort,2001,9,733195.009,0.78
Beaufort,2001,10,885503.39,0.942
Beaufort,2001,11,940051.0,1.0
Beaufort,2001,12,940219.39,1.0
Beaufort,2002,1,940219.39,1.0
Beaufort,2002,2,940219.39,1.0
Beaufort,2002,3,940219.39,1.0
Beaufort,2002,4,940219.39,1.0
Beaufort,2002,5,940117.924,1.0
Beaufort,2002,6,931966.251,0.991
Beaufort,2002,7,903184.917,0.961
Beaufort,2002,8,778336.453,0.828
Beaufort,2002,9,499887.168,0.532
Beaufort,2002,10,816085.744,0.868
Beaufort,2002,11,940051.157,1.0
Beaufort,2002,12,940219.39,1.0
Beaufort,2003,1,940219.39,1.0
Beaufort,2003,2,940196.612,1.0
Beaufort,2003,3,940219.39,1.0
Beaufort,2003,4,940051.811,1.0
Beaufort,2003,5,939894.613,1.0
Beaufort,2003,6,921157.243,0.98
Beaufort,2003,7,839159.254,0.893
Beaufort,2003,8,745533.332,0.793
Beaufort,2003,9,591907.4,0.63
Beaufort,2003,10,789589.075,0.84
Beaufort,2003,11,938684.329,0.998
Beaufort,2003,12,940219.39,1.0
Beaufort,2004,1,940219.39,1.0
Beaufort,2004,2,940219.39,1.0
Beaufort,2004,3,940219.39,1.0
Beaufort,2004,4,940198.175,1.0
Beaufort,2004,5,940219.39,1.0
Beaufort,2004,6,898524.413,0.956
Beaufort,2004,7,808535.296,0.86
Beaufort,2004,8,661375.01,0.703
Beaufort,2004,9,567403.351,0.603
Beaufort,2004,10,804727.048,0.856
Beaufort,2004,11,940198.48,1.0
Beaufort,2004,12,940199.257,1.0
Beaufort,2005,1,940219.39,1.0
Beaufort,2005,2,940219.39,1.0
Beaufort,2005,3,940219.39,1.0
Beaufort,2005,4,940219.39,1.0
Beaufort,2005,5,927975.695,0.987
Beaufort,2005,6,849406.792,0.903
Beaufort,2005,7,819169.576,0.871
Beaufort,2005,8,767333.644,0.816
Beaufort,2005,9,695492.234,0.74
Beaufort,2005,10,803712.996,0.855
Beaufort,2005,11,940198.462,1.0
Beaufort,2005,12,940198.946,1.0
Beaufort,2006,1,940219.39,1.0
Beaufort,2006,2,940174.14,1.0
Beaufort,2006,3,940199.147,1.0
Beaufort,2006,4,940219.39,1.0
Beaufort,2006,5,940138.536,1.0
Beaufort,2006,6,939659.382,0.999
Beaufort,2006,7,911458.692,0.969
Beaufort,2006,8,775535.392,0.825
Beaufort,2006,9,642398.178,0.683
Beaufort,2006,10,691752.996,0.736
Beaufort,2006,11,938116.341,0.998
Beaufort,2006,12,940219.39,1.0
Beaufort,2007,1,940219.39,1.0
Beaufort,2007,2,940219.39,1.0
Beaufort,2007,3,940219.39,1.0
Beaufort,2007,4,940219.39,1.0
Beaufort,2007,5,940219.39,1.0
Beaufort,2007,6,915289.155,0.973
Beaufort,2007,7,742937.76,0.79
Beaufort,2007,8,616404.543,0.656
Beaufort,2007,9,460671.722,0.49
Beaufort,2007,10,708332.18,0.753
Beaufort,2007,11,936870.519,0.996
Beaufort,2007,12,940138.458,1.0
Beaufort,2008,1,940219.39,1.0
Beaufort,2008,2,940219.39,1.0
Beaufort,2008,3,940219.39,1.0
Beaufort,2008,4,940219.39,1.0
Beaufort,2008,5,920877.129,0.979
Beaufort,2008,6,812049.363,0.864
Beaufort,2008,7,510867.638,0.543
Beaufort,2008,8,297644.235,0.317
Beaufort,2008,9,327513.883,0.348
Beaufort,2008,10,695322.958,0.74
Beaufort,2008,11,940219.39,1.0
Beaufort,2008,12,940219.39,1.0
Beaufort,2009,1,940219.39,1.0
Beaufort,2009,2,940219.39,1.0
Beaufort,2009,3,940219.39,1.0
Beaufort,2009,4,940219.39,1.0
Beaufort,2009,5,940219.39,1.0
Beaufort,2009,6,908791.157,0.967
Beaufort,2009,7,783485.11,0.833
Beaufort,2009,8,623594.038,0.663
Beaufort,2009,9,493981.906,0.525
Beaufort,2009,10,766157.577,0.815
Beaufort,2009,11,940072.019,1.0
Beaufort,2009,12,940219.39,1.0
Beaufort,2010,1,940219.39,1.0
Beaufort,2010,2,940219.39,1.0
Beaufort,2010,3,940219.39,1.0
Beaufort,2010,4,940219.39,1.0
Beaufort,2010,5,936194.84,0.996
Beaufort,2010,6,818638.578,0.871
Beaufort,2010,7,703572.816,0.748
Beaufort,2010,8,550331.892,0.585
Beaufort,2010,9,357484.991,0.38
Beaufort,2010,10,694790.104,0.739
Beaufort,2010,11,916744.561,0.975
Beaufort,2010,12,940219.39,1.0
Beaufort,2011,1,940219.39,1.0
Beaufort,2011,2,940219.39,1.0
Beaufort,2011,3,940219.39,1.0
Beaufort,2011,4,940219.39,1.0
Beaufort,2011,5,931142.476,0.99
Beaufort,2011,6,899060.596,0.956
Beaufort,2011,7,682042.929,0.725
Beaufort,2011,8,503167.191,0.535
Beaufort,2011,9,327344.722,0.348
Beaufort,2011,10,627090.752,0.667
Beaufort,2011,11,940072.035,1.0
Beaufort,2011,12,940219.39,1.0
Beaufort,2012,1,940219.39,1.0
Beaufort,2012,2,940219.39,1.0
Beaufort,2012,3,940219.39,1.0
Beaufort,2012,4,940219.39,1.0
Beaufort,2012,5,917234.96,0.976
Beaufort,2012,6,804661.477,0.856
Beaufort,2012,7,598666.847,0.637
Beaufort,2012,8,213364.932,0.227
Beaufort,2012,9,117306.188,0.125
Beaufort,2012,10,340482.479,0.362
Beaufort,2012,11,877155.875,0.933
Beaufort,2012,12,940219.39,1.0
Beaufort,2013,1,940219.39,1.0
Beaufort,2013,2,940219.39,1.0
Beaufort,2013,3,940219.39,1.0
Beaufort,2013,4,940219.39,1.0
Beaufort,2013,5,940219.39,1.0
Beaufort,2013,6,939326.59,0.999
Beaufort,2013,7,862822.914,0.918
Beaufort,2013,8,648003.394,0.689
Beaufort,2013,9,648852.374,0.69
Beaufort,2013,10,702006.684,0.747
Beaufort,2013,11,936750.466,0.996
Beaufort,2013,12,940219.39,1.0
Beaufort,2014,1,940219.39,1.0
Beaufort,2014,2,940219.39,1.0
Beaufort,2014,3,940219.39,1.0
Beaufort,2014,4,940219.39,1.0
Beaufort,2014,5,940219.39,1.0
Beaufort,2014,6,903128.514,0.961
Beaufort,2014,7,709856.119,0.755
Beaufort,2014,8,634596.298,0.675
Beaufort,2014,9,538935.653,0.573
Beaufort,2014,10,701881.376,0.747
Beaufort,2014,11,939254.402,0.999
Beaufort,2014,12,940219.39,1.0
Beaufort,2015,1,940219.39,1.0
Beaufort,2015,2,940219.39,1.0
Beaufort,2015,3,940219.39,1.0
Beaufort,2015,4,940198.476,1.0
Beaufort,2015,5,915241.991,0.973
Beaufort,2015,6,858637.468,0.913
Beaufort,2015,7,811907.492,0.864
Beaufort,2015,8,522161.766,0.555
Beaufort,2015,9,286383.544,0.305
Beaufort,2015,10,698667.035,0.743
Beaufort,2015,11,940219.39,1.0
Beaufort,2015,12,940219.39,1.0
Beaufort,2016,1,940219.39,1.0
Beaufort,2016,2,940219.39,1.0
Beaufort,2016,3,940219.39,1.0
Beaufort,2016,4,935182.09,0.995
Beaufort,2016,5,822352.687,0.875
Beaufort,2016,6,769860.415,0.819
Beaufort,2016,7,651066.239,0.692
Beaufort,2016,8,288741.709,0.307
Beaufort,2016,9,190856.769,0.203
Beaufort,2016,10,464864.565,0.494
Beaufort,2016,11,890417.764,0.947
Beaufort,2016,12,940219.39,1.0
Beaufort,2017,1,940219.39,1.0
Beaufort,2017,2,940219.39,1.0
Beaufort,2017,3,940219.39,1.0
Beaufort,2017,4,940219.39,1.0
Beaufort,2017,5,925495.155,0.984
Beaufort,2017,6,814085.604,0.866
Beaufort,2017,7,682700.125,0.726
Beaufort,2017,8,354415.143,0.377
Beaufort,2017,9,277152.735,0.295
Beaufort,2017,10,558940.788,0.594
Beaufort,2017,11,896471.64,0.953
Beaufort,2017,12,940219.39,1.0
Beaufort,2018,1,940219.39,1.0
Beaufort,2018,2,940219.39,1.0
Beaufort,2018,3,940219.39,1.0
Beaufort,2018,4,940219.39,1.0
Beaufort,2018,5,940219.39,1.0
Beaufort,2018,6,918411.892,0.977
Beaufort,2018,7,851392.085,0.906
Beaufort,2018,8,562271.039,0.598
Beaufort,2018,9,503232.418,0.535
Beaufort,2018,10,769780.419,0.819
Beaufort,2018,11,940156.217,1.0
Beaufort,2018,12,940219.39,1.0
Beaufort,2019,1,940219.39,1.0
Beaufort,2019,2,940219.39,1.0
Beaufort,2019,3,940219.39,1.0
Beaufort,2019,4,940219.39,1.0
Beaufort,2019,5,906532.815,0.964
Beaufort,2019,6,738077.67,0.785
Beaufort,2019,7,663967.46,0.706
Beaufort,2019,8,394794.975,0.42
Beaufort,2019,9,309559.726,0.329
Beaufort,2019,10,522641.104,0.556
Beaufort,2019,11,877756.55,0.934
Beaufort,2019,12,940219.39,1.0
Beaufort,2020,1,940219.39,1.0
Beaufort,2020,2,940219.39,1.0
Beaufort,2020,3,940219.39,1.0
Beaufort,2020,4,940219.39,1.0
Beaufort,2020,5,940219.39,1.0
Beaufort,2020,6,923359.12,0.982
Beaufort,2020,7,846716.93,0.901
Beaufort,2020,8,663054.732,0.705
Beaufort,2020,9,469983.42,0.5
Beaufort,2020,10,779461.655,0.829
Beaufort,2020,11,939041.216,0.999
Beaufort,2020,12,940219.39,1.0
Beaufort,2021,1,940219.39,1.0
Beaufort,2021,2,940219.39,1.0
Beaufort,2021,3,940219.39,1.0
Beaufort,2021,4,940219.39,1.0
Beaufort,2021,5,937694.086,0.997
Beaufort,2021,6,910952.602,0.969
Beaufort,2021,7,830895.832,0.884
Beaufort,2021,8,738058.87,0.785
Beaufort,2021,9,544020.266,0.579
Beaufort,2021,10,715056.673,0.761
Beaufort,2021,11,913728.701,0.972
Beaufort,2021,12,940219.39,1.0
Beaufort,2022,1,940219.39,1.0
Beaufort,2022,2,940219.39,1.0
Beaufort,2022,3,940219.39,1.0
Beaufort,2022,4,940219.39,1.0
Beaufort,2022,5,935662.263,0.995
Beaufort,2022,6,939904.864,1.0
Beaufort,2022,7,849277.493,0.903
Beaufort,2022,8,657882.888,0.7
Beaufort,2022,9,430625.226,0.458
Beaufort,2022,10,684771.28,0.728
Beaufort,2022,11,934699.044,0.994
Beaufort,2022,12,940158.19,1.0
Beaufort,2023,1,940219.39,1.0
Beaufort,2023,2,940219.39,1.0
Beaufort,2023,3,940219.39,1.0
Beaufort,2023,4,940219.39,1.0
Beaufort,2023,5,937602.184,0.997
Beaufort,2023,6,894524.728,0.951
Beaufort,2023,7,691087.182,0.735
Beaufort,2023,8,353490.544,0.376
Beaufort,2023,9,170746.004,0.182
Beaufort,2023,10,424930.323,0.452
Beaufort,2023,11,900683.724,0.958
Beaufort,2023,12,940219.39,1.0
Beaufort,2024,1,940219.39,1.0
Beaufort,2024,2,940219.39,1.0
Beaufort,2024,3,940219.39,1.0
Beaufort,2024,4,940219.39,1.0
Beaufort,2024,5,934278.467,0.994
Beaufort,2024,6,830655.928,0.883
Beaufort,2024,7,682680.535,0.726
Beaufort,2024,8,272770.516,0.29
Beaufort,2024,9,144164.055,0.153
Beaufort,2024,10,359927.489,0.383
Beaufort,2024,11,900078.213,0.957
Beaufort,2024,12,940219.39,1.0
Beaufort,2025,1,940219.39,1.0
Beaufort,2025,2,940219.39,1.0
Beaufort,2025,3,940219.39,1.0
Beaufort,2025,4,940219.39,1.0
Beaufort,2025,5,940219.39,1.0
Beaufort,2025,6,938326.134,0.998
Beaufort,2025,7,885643.284,0.942
Beaufort,2025,8,604037.239,0.642
Beaufort,2025,9,286787.832,0.305
Beaufort,2025,10,697357.634,0.742
Beaufort,2025,11,913864.782,0.972
Beaufort,2025,12,940219.39,1.0
Beaufort,2026,1,940219.39,1.0
Beaufort,2026,2,940219.39,1.0
Beaufort,2026,3,940219.39,1.0
Beaufort,2026,4,940219.39,1.0
Beaufort,2026,5,931370.933,0.991
Beaufort,2026,6,929921.756,0.989
Beaufort,2026,7,902355.978,0.96
Beaufort,2026,8,640731.971,0.681
Bering,1978,11,65556.315,0.062
Bering,1978,12,239632.784,0.226
Bering,1979,1,320266.65,0.302
Bering,1979,2,541778.338,0.511
Bering,1979,3,638262.988,0.602
Bering,1979,4,423025.159,0.399
Bering,1979,5,215587.216,0.203
Bering,1979,6,61836.278,0.058
Bering,1979,7,5758.1,0.005
Bering,1979,8,0.0,0.0
Bering,1979,9,4215.978,0.004
Bering,1979,10,28430.871,0.027
Bering,1979,11,83424.925,0.079
Bering,1979,12,373071.537,0.352
Bering,1980,1,645635.675,0.609
Bering,1980,2,804540.706,0.758
Bering,1980,3,811736.438,0.765
Bering,1980,4,726018.225,0.684
Bering,1980,5,391240.604,0.369
Bering,1980,6,76716.315,0.072
Bering,1980,7,6398.683,0.006
Bering,1980,8,0.0,0.0
Bering,1980,9,3898.599,0.004
Bering,1980,10,26045.709,0.025
Bering,1980,11,99417.714,0.094
Bering,1980,12,428744.854,0.404
Bering,1981,1,667107.664,0.629
Bering,1981,2,740832.575,0.698
Bering,1981,3,739331.691,0.697
Bering,1981,4,522117.381,0.492
Bering,1981,5,249802.01,0.235
Bering,1981,6,56882.429,0.054
Bering,1981,7,6787.654,0.006
Bering,1981,8,0.0,0.0
Bering,1981,9,4060.381,0.004
Bering,1981,10,24328.105,0.023
Bering,1981,11,136245.138,0.128
Bering,1981,12,415359.063,0.392
Bering,1982,1,532081.786,0.502
Bering,1982,2,558589.084,0.527
Bering,1982,3,611289.254,0.576
Bering,1982,4,608333.754,0.573
Bering,1982,5,411431.885,0.388
Bering,1982,6,70625.949,0.067
Bering,1982,7,6134.759,0.006
Bering,1982,8,0.0,0.0
Bering,1982,9,3373.778,0.003
Bering,1982,10,30759.465,0.029
Bering,1982,11,105219.629,0.099
Bering,1982,12,308409.128,0.291
Bering,1983,1,636575.269,0.6
Bering,1983,2,760695.371,0.717
Bering,1983,3,786739.315,0.742
Bering,1983,4,668697.379,0.63
Bering,1983,5,286944.415,0.27
Bering,1983,6,67727.742,0.064
Bering,1983,7,7227.69,0.007
Bering,1983,8,0.0,0.0
Bering,1983,9,3216.116,0.003
Bering,1983,10,41480.602,0.039
Bering,1983,11,182314.968,0.172
Bering,1983,12,227533.833,0.214
Bering,1984,1,427775.676,0.403
Bering,1984,2,816376.361,0.77
Bering,1984,3,887004.782,0.836
Bering,1984,4,807328.054,0.761
Bering,1984,5,484305.662,0.457
Bering,1984,6,78949.419,0.074
Bering,1984,7,6540.846,0.006
Bering,1984,8,0.0,0.0
Bering,1984,9,1567.284,0.001
Bering,1984,10,24320.58,0.023
Bering,1984,11,86474.972,0.082
Bering,1984,12,271105.886,0.256
Bering,1985,1,416043.944,0.392
Bering,1985,2,466313.456,0.44
Bering,1985,3,730472.921,0.689
Bering,1985,4,788081.691,0.743
Bering,1985,5,515452.361,0.486
Bering,1985,6,101215.318,0.095
Bering,1985,7,5385.605,0.005
Bering,1985,8,40.415,0.0
Bering,1985,9,2130.472,0.002
Bering,1985,10,31882.355,0.03
Bering,1985,11,115064.47,0.108
Bering,1985,12,195823.128,0.185
Bering,1986,1,519480.613,0.49
Bering,1986,2,636392.884,0.6
Bering,1986,3,777921.415,0.733
Bering,1986,4,659614.238,0.622
Bering,1986,5,311178.372,0.293
Bering,1986,6,51168.903,0.048
Bering,1986,7,6143.237,0.006
Bering,1986,8,0.0,0.0
Bering,1986,9,2210.436,0.002
Bering,1986,10,22529.05,0.021
Bering,1986,11,70635.691,0.067
Bering,1986,12,281321.6,0.265
Bering,1987,1,561124.82,0.529
Bering,1987,2,691182.236,0.652
Bering,1987,3,671618.616,0.633
Bering,1987,4,632377.211,0.596
Bering,1987,5,431538.396,0.407
Bering,1987,6,106023.888,0.1
Bering,1987,7,4591.168,0.004
Bering,1987,8,0.0,0.0
Bering,1987,9,2291.433,0.002
Bering,1987,10,15970.546,0.015
Bering,1987,11,95967.581,0.09
Bering,1988,2,640431.522,0.604
Bering,1988,3,821867.307,0.775
Bering,1988,4,759898.303,0.716
Bering,1988,5,300144.818,0.283
Bering,1988,6,55068.386,0.052
Bering,1988,7,4141.753,0.004
Bering,1988,8,0.0,0.0
Bering,1988,9,2372.224,0.002
Bering,1988,10,13232.419,0.012
Bering,1988,11,149907.5,0.141
Bering,1988,12,540480.96,0.509
Bering,1989,1,679315.367,0.64
Bering,1989,2,521217.706,0.491
Bering,1989,3,546235.158,0.515
Bering,1989,4,402393.228,0.379
Bering,1989,5,179738.568,0.169
Bering,1989,6,55727.078,0.053
Bering,1989,7,4921.399,0.005
Bering,1989,8,0.0,0.0
Bering,1989,9,2712.125,0.003
Bering,1989,10,18754.489,0.018
Bering,1989,11,107681.374,0.102
Bering,1989,12,342257.292,0.323
Bering,1990,1,624200.636,0.588
Bering,1990,2,792330.605,0.747
Bering,1990,3,821893.996,0.775
Bering,1990,4,666148.155,0.628
Bering,1990,5,363879.557,0.343
Bering,1990,6,52450.651,0.049
Bering,1990,7,4879.789,0.005
Bering,1990,8,0.0,0.0
Bering,1990,9,1948.287,0.002
Bering,1990,10,19234.569,0.018
Bering,1990,11,82647.152,0.078
Bering,1990,12,367205.434,0.346
Bering,1991,1,609435.208,0.574
Bering,1991,2,864522.468,0.815
Bering,1991,3,787839.642,0.743
Bering,1991,4,741288.318,0.699
Bering,1991,5,399779.152,0.377
Bering,1991,6,70528.295,0.066
Bering,1991,7,4376.425,0.004
Bering,1991,8,0.0,0.0
Bering,1991,9,2733.598,0.003
Bering,1991,10,19767.504,0.019
Bering,1991,11,75412.613,0.071
Bering,1991,12,317609.474,0.299
Bering,1992,1,656104.893,0.618
Bering,1992,2,709567.873,0.669
Bering,1992,3,872115.973,0.822
Bering,1992,4,726132.136,0.684
Bering,1992,5,389103.742,0.367
Bering,1992,6,89559.88,0.084
Bering,1992,7,5545.45,0.005
Bering,1992,8,0.0,0.0
Bering,1992,9,2532.877,0.002
Bering,1992,10,25187.44,0.024
Bering,1992,11,149164.948,0.141
Bering,1992,12,488093.443,0.46
Bering,1993,1,583229.582,0.55
Bering,1993,2,705388.259,0.665
Bering,1993,3,730694.691,0.689
Bering,1993,4,590738.605,0.557
Bering,1993,5,255897.519,0.241
Bering,1993,6,42591.45,0.04
Bering,1993,7,5952.583,0.006
Bering,1993,8,0.0,0.0
Bering,1993,9,2853.114,0.003
Bering,1993,10,20836.399,0.02
Bering,1993,11,55731.689,0.053
Bering,1993,12,369336.12,0.348
Bering,1994,1,587804.185,0.554
Bering,1994,2,590796.329,0.557
Bering,1994,3,827088.352,0.78
Bering,1994,4,774375.877,0.73
Bering,1994,5,519311.29,0.49
Bering,1994,6,69750.823,0.066
Bering,1994,7,6457.124,0.006
Bering,1994,8,0.0,0.0
Bering,1994,9,3699.229,0.003
Bering,1994,10,22757.868,0.021
Bering,1994,11,161170.493,0.152
Bering,1994,12,547677.641,0.516
Bering,1995,1,729434.928,0.688
Bering,1995,2,874936.255,0.825
Bering,1995,3,829461.726,0.782
Bering,1995,4,786452.817,0.741
Bering,1995,5,308879.495,0.291
Bering,1995,6,57273.547,0.054
Bering,1995,7,5407.229,0.005
Bering,1995,8,0.0,0.0
Bering,1995,9,3477.757,0.003
Bering,1995,10,18523.568,0.017
Bering,1995,11,64309.486,0.061
Bering,1995,12,280108.323,0.264
Bering,1996,1,493750.922,0.465
Bering,1996,2,599566.838,0.565
Bering,1996,3,514754.023,0.485
Bering,1996,4,461552.614,0.435
Bering,1996,5,156890.778,0.148
Bering,1996,6,61262.87,0.058
Bering,1996,7,6301.954,0.006
Bering,1996,8,0.0,0.0
Bering,1996,9,2813.529,0.003
Bering,1996,10,21686.393,0.02
Bering,1996,11,72862.272,0.069
Bering,1996,12,287408.345,0.271
Bering,1997,1,514421.096,0.485
Bering,1997,2,709319.848,0.669
Bering,1997,3,755854.804,0.713
Bering,1997,4,591768.348,0.558
Bering,1997,5,224353.105,0.211
Bering,1997,6,36655.762,0.035
Bering,1997,7,3501.394,0.003
Bering,1997,8,0.0,0.0
Bering,1997,9,1710.225,0.002
Bering,1997,10,12250.369,0.012
Bering,1997,11,55170.28,0.052
Bering,1997,12,387378.434,0.365
Bering,1998,1,723294.151,0.682
Bering,1998,2,915139.857,0.863
Bering,1998,3,801618.631,0.756
Bering,1998,4,636432.51,0.6
Bering,1998,5,350867.903,0.331
Bering,1998,6,54585.566,0.051
Bering,1998,7,3794.138,0.004
Bering,1998,8,0.0,0.0
Bering,1998,9,1288.197,0.001
Bering,1998,10,11618.707,0.011
Bering,1998,11,53656.026,0.051
Bering,1998,12,348285.008,0.328
Bering,1999,1,628488.408,0.592
Bering,1999,2,805242.103,0.759
Bering,1999,3,865705.654,0.816
Bering,1999,4,879807.503,0.829
Bering,1999,5,527445.648,0.497
Bering,1999,6,102683.617,0.097
Bering,1999,7,3754.427,0.004
Bering,1999,8,0.0,0.0
Bering,1999,9,1447.892,0.001
Bering,1999,10,11473.029,0.011
Bering,1999,11,147275.775,0.139
Bering,1999,12,585570.586,0.552
Bering,2000,1,869251.703,0.819
Bering,2000,2,751547.829,0.708
Bering,2000,3,734070.397,0.692
Bering,2000,4,696738.907,0.657
Bering,2000,5,405993.361,0.383
Bering,2000,6,93052.607,0.088
Bering,2000,7,3346.354,0.003
Bering,2000,8,0.0,0.0
Bering,2000,9,1005.904,0.001
Bering,2000,10,11998.74,0.011
Bering,2000,11,57827.668,0.055
Bering,2000,12,227380.682,0.214
Bering,2001,1,499885.061,0.471
Bering,2001,2,456461.274,0.43
Bering,2001,3,578294.049,0.545
Bering,2001,4,599199.807,0.565
Bering,2001,5,339150.915,0.32
Bering,2001,6,43613.247,0.041
Bering,2001,7,3891.406,0.004
Bering,2001,8,0.0,0.0
Bering,2001,9,1086.855,0.001
Bering,2001,10,17652.325,0.017
Bering,2001,11,170211.028,0.16
Bering,2001,12,449597.277,0.424
Bering,2002,1,739044.19,0.697
Bering,2002,2,885428.56,0.835
Bering,2002,3,661807.738,0.624
Bering,2002,4,487704.569,0.46
Bering,2002,5,216349.001,0.204
Bering,2002,6,46126.565,0.043
Bering,2002,7,3308.664,0.003
Bering,2002,8,0.0,0.0
Bering,2002,9,1005.474,0.001
Bering,2002,10,15317.484,0.014
Bering,2002,11,45227.001,0.043
Bering,2002,12,188731.876,0.178
Bering,2003,1,475193.772,0.448
Bering,2003,2,623103.122,0.587
Bering,2003,3,628422.393,0.592
Bering,2003,4,444014.837,0.419
Bering,2003,5,115032.619,0.108
Bering,2003,6,49138.712,0.046
Bering,2003,7,2568.575,0.002
Bering,2003,8,0.0,0.0
Bering,2003,9,584.201,0.001
Bering,2003,10,9163.66,0.009
Bering,2003,11,40083.607,0.038
Bering,2003,12,266019.019,0.251
Bering,2004,1,422770.175,0.399
Bering,2004,2,658652.039,0.621
Bering,2004,3,666744.189,0.629
Bering,2004,4,550287.456,0.519
Bering,2004,5,166623.905,0.157
Bering,2004,6,50910.93,0.048
Bering,2004,7,2783.779,0.003
Bering,2004,8,0.0,0.0
Bering,2004,9,403.342,0.0
Bering,2004,10,15958.744,0.015
Bering,2004,11,50726.027,0.048
Bering,2004,12,281609.191,0.265
Bering,2005,1,427169.352,0.403
Bering,2005,2,611388.387,0.576
Bering,2005,3,622102.281,0.586
Bering,2005,4,654400.194,0.617
Bering,2005,5,271280.664,0.256
Bering,2005,6,48534.944,0.046
Bering,2005,7,2917.997,0.003
Bering,2005,8,0.0,0.0
Bering,2005,9,1949.663,0.002
Bering,2005,10,9330.141,0.009
Bering,2005,11,118256.753,0.111
Bering,2005,12,486709.983,0.459
Bering,2006,1,752178.067,0.709
Bering,2006,2,730360.885,0.688
Bering,2006,3,662727.606,0.625
Bering,2006,4,706492.977,0.666
Bering,2006,5,458286.406,0.432
Bering,2006,6,85642.124,0.081
Bering,2006,7,3328.482,0.003
Bering,2006,8,0.0,0.0
Bering,2006,9,1488.86,0.001
Bering,2006,10,10575.152,0.01
Bering,2006,11,50190.928,0.047
Bering,2006,12,243861.021,0.23
Bering,2007,1,639198.065,0.603
Bering,2007,2,580888.883,0.548
Bering,2007,3,788408.985,0.743
Bering,2007,4,641675.235,0.605
Bering,2007,5,331313.237,0.312
Bering,2007,6,31863.293,0.03
Bering,2007,7,2977.111,0.003
Bering,2007,8,0.0,0.0
Bering,2007,9,1709.774,0.002
Bering,2007,10,8812.693,0.008
Bering,2007,11,38306.851,0.036
Bering,2007,12,174781.176,0.165
Bering,2008,1,608410.054,0.574
Bering,2008,2,822213.695,0.775
Bering,2008,3,997307.429,0.94
Bering,2008,4,837775.073,0.79
Bering,2008,5,455003.222,0.429
Bering,2008,6,29122.493,0.027
Bering,2008,7,1652.753,0.002
Bering,2008,8,0.0,0.0
Bering,2008,9,644.788,0.001
Bering,2008,10,12127.774,0.011
Bering,2008,11,94418.94,0.089
Bering,2008,12,352453.233,0.332
Bering,2009,1,743809.138,0.701
Bering,2009,2,839949.105,0.792
Bering,2009,3,809567.13,0.763
Bering,2009,4,918510.525,0.866
Bering,2009,5,422447.821,0.398
Bering,2009,6,45801.653,0.043
Bering,2009,7,1634.777,0.002
Bering,2009,8,0.0,0.0
Bering,2009,9,563.888,0.001
Bering,2009,10,9623.728,0.009
Bering,2009,11,114347.973,0.108
Bering,2009,12,408963.847,0.386
Bering,2010,1,650503.911,0.613
Bering,2010,2,835350.925,0.787
Bering,2010,3,936364.835,0.883
Bering,2010,4,819200.228,0.772
Bering,2010,5,441991.275,0.417
Bering,2010,6,37209.212,0.035
Bering,2010,7,2102.08,0.002
Bering,2010,8,0.0,0.0
Bering,2010,9,563.278,0.001
Bering,2010,10,8270.157,0.008
Bering,2010,11,28788.87,0.027
Bering,2010,12,197368.72,0.186
Bering,2011,1,578746.52,0.546
Bering,2011,2,672348.472,0.634
Bering,2011,3,649501.131,0.612
Bering,2011,4,621653.739,0.586
Bering,2011,5,247983.574,0.234
Bering,2011,6,22239.713,0.021
Bering,2011,7,1771.369,0.002
Bering,2011,8,0.0,0.0
Bering,2011,9,1026.039,0.001
Bering,2011,10,8126.239,0.008
Bering,2011,11,91939.325,0.087
Bering,2011,12,398920.257,0.376
Bering,2012,1,785602.415,0.741
Bering,2012,2,944432.485,0.89
Bering,2012,3,1060829.753,1.0
Bering,2012,4,1036921.092,0.977
Bering,2012,5,648741.402,0.612
Bering,2012,6,120029.932,0.113
Bering,2012,7,2023.022,0.002
Bering,2012,8,0.0,0.0
Bering,2012,9,602.667,0.001
Bering,2012,10,9184.096,0.009
Bering,2012,11,127962.611,0.121
Bering,2012,12,423325.771,0.399
Bering,2013,1,688256.167,0.649
Bering,2013,2,893149.33,0.842
Bering,2013,3,903107.968,0.851
Bering,2013,4,808484.101,0.762
Bering,2013,5,455031.848,0.429
Bering,2013,6,75263.166,0.071
Bering,2013,7,1791.155,0.002
Bering,2013,8,0.0,0.0
Bering,2013,9,382.756,0.0
Bering,2013,10,12142.752,0.011
Bering,2013,11,43707.005,0.041
Bering,2013,12,184607.683,0.174
Bering,2014,1,498804.799,0.47
Bering,2014,2,588389.916,0.555
Bering,2014,3,724940.174,0.683
Bering,2014,4,559509.056,0.527
Bering,2014,5,174003.624,0.164
Bering,2014,6,48526.891,0.046
Bering,2014,7,2334.368,0.002
Bering,2014,8,0.0,0.0
Bering,2014,9,845.387,0.001
Bering,2014,10,9393.804,0.009
Bering,2014,11,31279.413,0.029
Bering,2014,12,178550.149,0.168
Bering,2015,1,327921.847,0.309
Bering,2015,2,560202.899,0.528
Bering,2015,3,565101.604,0.533
Bering,2015,4,552706.534,0.521
Bering,2015,5,152486.59,0.144
Bering,2015,6,20433.701,0.019
Bering,2015,7,2433.442,0.002
Bering,2015,8,0.0,0.0
Bering,2015,9,442.74,0.0
Bering,2015,10,11888.77,0.011
Bering,2015,11,38647.717,0.036
Bering,2015,12,304328.896,0.287
Bering,2016,1,472042.2,0.445
Bering,2016,2,574573.842,0.542
Bering,2016,3,635216.948,0.599
Bering,2016,4,566074.265,0.534
Bering,2016,5,139579.715,0.132
Bering,2016,6,25217.446,0.024
Bering,2016,7,2919.442,0.003
Bering,2016,8,0.0,0.0
Bering,2016,9,845.371,0.001
Bering,2016,10,16740.209,0.016
Bering,2016,11,33816.152,0.032
Bering,2016,12,161882.425,0.153
Bering,2017,1,315348.037,0.297
Bering,2017,2,540847.327,0.51
Bering,2017,3,623677.216,0.588
Bering,2017,4,435972.761,0.411
Bering,2017,5,79238.469,0.075
Bering,2017,6,23794.173,0.022
Bering,2017,7,1945.374,0.002
Bering,2017,8,0.0,0.0
Bering,2017,9,482.039,0.0
Bering,2017,10,10526.681,0.01
Bering,2017,11,27021.802,0.025
Bering,2017,12,98675.403,0.093
Bering,2018,1,250836.585,0.236
Bering,2018,2,298998.281,0.282
Bering,2018,3,304280.98,0.287
Bering,2018,4,137096.218,0.129
Bering,2018,5,26696.369,0.025
Bering,2018,6,15800.86,0.015
Bering,2018,7,2161.045,0.002
Bering,2018,8,0.0,0.0
Bering,2018,9,1045.789,0.001
Bering,2018,10,16904.687,0.016
Bering,2018,11,20749.391,0.02
Bering,2018,12,222141.771,0.209
Bering,2019,1,503135.346,0.474
Bering,2019,2,377497.032,0.356
Bering,2019,3,289418.735,0.273
Bering,2019,4,202313.293,0.191
Bering,2019,5,64252.22,0.061
Bering,2019,6,32185.203,0.03
Bering,2019,7,2490.551,0.002
Bering,2019,8,0.0,0.0
Bering,2019,9,1707.377,0.002
Bering,2019,10,11293.282,0.011
Bering,2019,11,49957.406,0.047
Bering,2019,12,151973.751,0.143
Bering,2020,1,466524.938,0.44
Bering,2020,2,708542.184,0.668
Bering,2020,3,652598.0,0.615
Bering,2020,4,414216.785,0.39
Bering,2020,5,236263.303,0.223
Bering,2020,6,43422.368,0.041
Bering,2020,7,2161.744,0.002
Bering,2020,8,0.0,0.0
Bering,2020,9,944.181,0.001
Bering,2020,10,13977.643,0.013
Bering,2020,11,24795.001,0.023
Bering,2020,12,168828.99,0.159
Bering,2021,1,461098.498,0.435
Bering,2021,2,591635.798,0.558
Bering,2021,3,598360.298,0.564
Bering,2021,4,531742.038,0.501
Bering,2021,5,302131.004,0.285
Bering,2021,6,57748.135,0.054
Bering,2021,7,3054.962,0.003
Bering,2021,8,0.0,0.0
Bering,2021,9,442.539,0.0
Bering,2021,10,8541.643,0.008
Bering,2021,11,121335.125,0.114
Bering,2021,12,360205.99,0.34
Bering,2022,1,651717.22,0.614
Bering,2022,2,779385.402,0.735
Bering,2022,3,710314.085,0.67
Bering,2022,4,578635.421,0.545
Bering,2022,5,199031.792,0.188
Bering,2022,6,43795.314,0.041
Bering,2022,7,3015.211,0.003
Bering,2022,8,0.0,0.0
Bering,2022,9,1206.623,0.001
Bering,2022,10,8506.979,0.008
Bering,2022,11,41065.748,0.039
Bering,2022,12,169363.165,0.16
Bering,2023,1,534610.308,0.504
Bering,2023,2,633649.52,0.597
Bering,2023,3,609995.937,0.575
Bering,2023,4,553108.87,0.521
Bering,2023,5,305257.314,0.288
Bering,2023,6,35855.578,0.034
Bering,2023,7,2800.159,0.003
Bering,2023,8,0.0,0.0
Bering,2023,9,703.175,0.001
Bering,2023,10,11639.667,0.011
Bering,2023,11,30145.289,0.028
Bering,2023,12,256080.909,0.241
Bering,2024,1,500576.859,0.472
Bering,2024,2,628032.836,0.592
Bering,2024,3,691798.152,0.652
Bering,2024,4,603555.891,0.569
Bering,2024,5,297709.941,0.281
Bering,2024,6,50355.63,0.047
Bering,2024,7,3269.352,0.003
Bering,2024,8,0.0,0.0
Bering,2024,9,865.742,0.001
Bering,2024,10,15438.271,0.015
Bering,2024,11,42478.951,0.04
Bering,2024,12,192406.936,0.181
Bering,2025,1,441958.232,0.417
Bering,2025,2,474600.145,0.447
Bering,2025,3,619435.812,0.584
Bering,2025,4,582150.128,0.549
Bering,2025,5,224832.856,0.212
Bering,2025,6,23501.667,0.022
Bering,2025,7,3199.332,0.003
Bering,2025,8,2480.395,0.002
Bering,2025,9,80.643,0.0
Bering,2025,10,9427.816,0.009
Bering,2025,11,43568.985,0.041
Bering,2025,12,245617.469,0.232
Bering,2026,1,512951.892,0.484
Bering,2026,2,639639.694,0.603
Bering,2026,3,829751.804,0.782
Bering,2026,4,663039.781,0.625
Bering,2026,5,213083.685,0.201
Bering,2026,6,12093.871,0.011
Bering,2026,7,3405.17,0.003
Bering,2026,8,2365.173,0.002
CanadianArchipelago,1978,11,761228.252,1.0
CanadianArchipelago,1978,12,761228.252,1.0
CanadianArchipelago,1979,1,761228.252,1.0
CanadianArchipelago,1979,2,761228.252,1.0
CanadianArchipelago,1979,3,761228.252,1.0
CanadianArchipelago,1979,4,761228.252,1.0
CanadianArchipelago,1979,5,761228.252,1.0
CanadianArchipelago,1979,6,757737.899,0.995
CanadianArchipelago,1979,7,727128.34,0.955
CanadianArchipelago,1979,8,662072.567,0.87
CanadianArchipelago,1979,9,613974.592,0.807
CanadianArchipelago,1979,10,715910.089,0.94
CanadianArchipelago,1979,11,761228.252,1.0
CanadianArchipelago,1979,12,761228.252,1.0
CanadianArchipelago,1980,1,761228.252,1.0
CanadianArchipelago,1980,2,761228.252,1.0
CanadianArchipelago,1980,3,761228.252,1.0
CanadianArchipelago,1980,4,761228.252,1.0
CanadianArchipelago,1980,5,761228.252,1.0
CanadianArchipelago,1980,6,744338.504,0.978
CanadianArchipelago,1980,7,709141.539,0.932
CanadianArchipelago,1980,8,517089.783,0.679
CanadianArchipelago,1980,9,528541.73,0.694
CanadianArchipelago,1980,10,672150.264,0.883
CanadianArchipelago,1980,11,761228.252,1.0
CanadianArchipelago,1980,12,761228.252,1.0
CanadianArchipelago,1981,1,761228.252,1.0
CanadianArchipelago,1981,2,761228.252,1.0
CanadianArchipelago,1981,3,761228.252,1.0
CanadianArchipelago,1981,4,761186.708,1.0
CanadianArchipelago,1981,5,759628.421,0.998
CanadianArchipelago,1981,6,728186.307,0.957
CanadianArchipelago,1981,7,649941.075,0.854
CanadianArchipelago,1981,8,424415.828,0.558
CanadianArchipelago,1981,9,329522.757,0.433
CanadianArchipelago,1981,10,603717.68,0.793
CanadianArchipelago,1981,11,760322.281,0.999
CanadianArchipelago,1981,12,761228.252,1.0
CanadianArchipelago,1982,1,761228.252,1.0
CanadianArchipelago,1982,2,761228.252,1.0
CanadianArchipelago,1982,3,761106.803,1.0
CanadianArchipelago,1982,4,761228.252,1.0
CanadianArchipelago,1982,5,761104.232,1.0
CanadianArchipelago,1982,6,748703.185,0.984
CanadianArchipelago,1982,7,705948.361,0.927
CanadianArchipelago,1982,8,528546.637,0.694
CanadianArchipelago,1982,9,482702.076,0.634
CanadianArchipelago,1982,10,702776.909,0.923
CanadianArchipelago,1982,11,761145.462,1.0
CanadianArchipelago,1982,12,761228.252,1.0
CanadianArchipelago,1983,1,761228.252,1.0
CanadianArchipelago,1983,2,761228.252,1.0
CanadianArchipelago,1983,3,761228.252,1.0
CanadianArchipelago,1983,4,761228.252,1.0
CanadianArchipelago,1983,5,761228.252,1.0
CanadianArchipelago,1983,6,751787.399,0.988
CanadianArchipelago,1983,7,741155.318,0.974
CanadianArchipelago,1983,8,544081.333,0.715
CanadianArchipelago,1983,9,388457.853,0.51
CanadianArchipelago,1983,10,680511.485,0.894
CanadianArchipelago,1983,11,760937.346,1.0
CanadianArchipelago,1983,12,761228.252,1.0
CanadianArchipelago,1984,1,761228.252,1.0
CanadianArchipelago,1984,2,761228.252,1.0
CanadianArchipelago,1984,3,761228.252,1.0
CanadianArchipelago,1984,4,761228.252,1.0
CanadianArchipelago,1984,5,760909.107,1.0
CanadianArchipelago,1984,6,750149.758,0.985
CanadianArchipelago,1984,7,693523.463,0.911
CanadianArchipelago,1984,8,482603.532,0.634
CanadianArchipelago,1984,9,408792.935,0.537
CanadianArchipelago,1984,10,679533.728,0.893
CanadianArchipelago,1984,11,761228.252,1.0
CanadianArchipelago,1984,12,761106.554,1.0
CanadianArchipelago,1985,1,761228.252,1.0
CanadianArchipelago,1985,2,761228.252,1.0
CanadianArchipelago,1985,3,761228.252,1.0
CanadianArchipelago,1985,4,761185.697,1.0
CanadianArchipelago,1985,5,761056.744,1.0
CanadianArchipelago,1985,6,745829.487,0.98
CanadianArchipelago,1985,7,673889.127,0.885
CanadianArchipelago,1985,8,471457.417,0.619
CanadianArchipelago,1985,9,365536.415,0.48
CanadianArchipelago,1985,10,684036.609,0.899
CanadianArchipelago,1985,11,761228.252,1.0
CanadianArchipelago,1985,12,761228.252,1.0
CanadianArchipelago,1986,1,761228.252,1.0
CanadianArchipelago,1986,2,761228.252,1.0
CanadianArchipelago,1986,3,761228.252,1.0
CanadianArchipelago,1986,4,761228.252,1.0
CanadianArchipelago,1986,5,760949.64,1.0
CanadianArchipelago,1986,6,747838.919,0.982
CanadianArchipelago,1986,7,701515.762,0.922
CanadianArchipelago,1986,8,628254.921,0.825
CanadianArchipelago,1986,9,555497.193,0.73
CanadianArchipelago,1986,10,708236.28,0.93
CanadianArchipelago,1986,11,761185.153,1.0
CanadianArchipelago,1986,12,761228.252,1.0
CanadianArchipelago,1987,1,761185.566,1.0
CanadianArchipelago,1987,2,761228.252,1.0
CanadianArchipelago,1987,3,761228.252,1.0
CanadianArchipelago,1987,4,761186.319,1.0
CanadianArchipelago,1987,5,761186.374,1.0
CanadianArchipelago,1987,6,757141.987,0.995
CanadianArchipelago,1987,7,719770.277,0.946
CanadianArchipelago,1987,8,567367.151,0.745
CanadianArchipelago,1987,9,510075.213,0.67
CanadianArchipelago,1987,10,657729.949,0.864
CanadianArchipelago,1987,11,750676.114,0.986
CanadianArchipelago,1988,2,761228.252,1.0
CanadianArchipelago,1988,3,761228.252,1.0
CanadianArchipelago,1988,4,759625.972,0.998
CanadianArchipelago,1988,5,758564.286,0.997
CanadianArchipelago,1988,6,694646.368,0.913
CanadianArchipelago,1988,7,645003.943,0.847
CanadianArchipelago,1988,8,500903.517,0.658
CanadianArchipelago,1988,9,407642.682,0.536
CanadianArchipelago,1988,10,581671.232,0.764
CanadianArchipelago,1988,11,760633.835,0.999
CanadianArchipelago,1988,12,761228.252,1.0
CanadianArchipelago,1989,1,761228.252,1.0
CanadianArchipelago,1989,2,761228.252,1.0
CanadianArchipelago,1989,3,761207.582,1.0
CanadianArchipelago,1989,4,761228.252,1.0
CanadianArchipelago,1989,5,761104.185,1.0
CanadianArchipelago,1989,6,751021.679,0.987
CanadianArchipelago,1989,7,699422.412,0.919
CanadianArchipelago,1989,8,496204.792,0.652
CanadianArchipelago,1989,9,421938.323,0.554
CanadianArchipelago,1989,10,663024.84,0.871
CanadianArchipelago,1989,11,761207.363,1.0
CanadianArchipelago,1989,12,760824.288,0.999
CanadianArchipelago,1990,1,761167.003,1.0
CanadianArchipelago,1990,2,761228.252,1.0
CanadianArchipelago,1990,3,761187.631,1.0
CanadianArchipelago,1990,4,761206.896,1.0
CanadianArchipelago,1990,5,760919.161,1.0
CanadianArchipelago,1990,6,742867.414,0.976
CanadianArchipelago,1990,7,709813.913,0.932
CanadianArchipelago,1990,8,557784.916,0.733
CanadianArchipelago,1990,9,509276.203,0.669
CanadianArchipelago,1990,10,669862.36,0.88
CanadianArchipelago,1990,11,761206.706,1.0
CanadianArchipelago,1990,12,761228.252,1.0
CanadianArchipelago,1991,1,761228.252,1.0
CanadianArchipelago,1991,2,761205.229,1.0
CanadianArchipelago,1991,3,761228.252,1.0
CanadianArchipelago,1991,4,761228.252,1.0
CanadianArchipelago,1991,5,754324.496,0.991
CanadianArchipelago,1991,6,734459.907,0.965
CanadianArchipelago,1991,7,704813.851,0.926
CanadianArchipelago,1991,8,549143.881,0.721
CanadianArchipelago,1991,9,470300.808,0.618
CanadianArchipelago,1991,10,688451.388,0.904
CanadianArchipelago,1991,11,761228.252,1.0
CanadianArchipelago,1991,12,761187.18,1.0
CanadianArchipelago,1992,1,761187.505,1.0
CanadianArchipelago,1992,2,761206.885,1.0
CanadianArchipelago,1992,3,761228.252,1.0
CanadianArchipelago,1992,4,761185.811,1.0
CanadianArchipelago,1992,5,760017.772,0.998
CanadianArchipelago,1992,6,722103.888,0.949
CanadianArchipelago,1992,7,689601.36,0.906
CanadianArchipelago,1992,8,625784.436,0.822
CanadianArchipelago,1992,9,554843.646,0.729
CanadianArchipelago,1992,10,710016.312,0.933
CanadianArchipelago,1992,11,761166.133,1.0
CanadianArchipelago,1992,12,761186.7,1.0
CanadianArchipelago,1993,1,761125.461,1.0
CanadianArchipelago,1993,2,761228.252,1.0
CanadianArchipelago,1993,3,761228.252,1.0
CanadianArchipelago,1993,4,761228.252,1.0
CanadianArchipelago,1993,5,748545.942,0.983
CanadianArchipelago,1993,6,720200.548,0.946
CanadianArchipelago,1993,7,673756.059,0.885
CanadianArchipelago,1993,8,532252.852,0.699
CanadianArchipelago,1993,9,415328.848,0.546
CanadianArchipelago,1993,10,642480.428,0.844
CanadianArchipelago,1993,11,755094.422,0.992
CanadianArchipelago,1993,12,760783.297,0.999
CanadianArchipelago,1994,1,761025.101,1.0
CanadianArchipelago,1994,2,761228.252,1.0
CanadianArchipelago,1994,3,761228.252,1.0
CanadianArchipelago,1994,4,761228.252,1.0
CanadianArchipelago,1994,5,754444.227,0.991
CanadianArchipelago,1994,6,721516.995,0.948
CanadianArchipelago,1994,7,671029.415,0.882
CanadianArchipelago,1994,8,467740.166,0.614
CanadianArchipelago,1994,9,434538.534,0.571
CanadianArchipelago,1994,10,635297.338,0.835
CanadianArchipelago,1994,11,756866.063,0.994
CanadianArchipelago,1994,12,761207.876,1.0
CanadianArchipelago,1995,1,761207.275,1.0
CanadianArchipelago,1995,2,761228.252,1.0
CanadianArchipelago,1995,3,761228.252,1.0
CanadianArchipelago,1995,4,761228.252,1.0
CanadianArchipelago,1995,5,760402.241,0.999
CanadianArchipelago,1995,6,720341.659,0.946
CanadianArchipelago,1995,7,652438.883,0.857
CanadianArchipelago,1995,8,511486.367,0.672
CanadianArchipelago,1995,9,454383.17,0.597
CanadianArchipelago,1995,10,675725.115,0.888
CanadianArchipelago,1995,11,761228.252,1.0
CanadianArchipelago,1995,12,761228.252,1.0
CanadianArchipelago,1996,1,761228.252,1.0
CanadianArchipelago,1996,2,761228.252,1.0
CanadianArchipelago,1996,3,761228.252,1.0
CanadianArchipelago,1996,4,761228.252,1.0
CanadianArchipelago,1996,5,760560.298,0.999
CanadianArchipelago,1996,6,751814.591,0.988
CanadianArchipelago,1996,7,646583.318,0.849
CanadianArchipelago,1996,8,527164.273,0.693
CanadianArchipelago,1996,9,481048.714,0.632
CanadianArchipelago,1996,10,678259.237,0.891
CanadianArchipelago,1996,11,761145.333,1.0
CanadianArchipelago,1996,12,761228.252,1.0
CanadianArchipelago,1997,1,761228.252,1.0
CanadianArchipelago,1997,2,761228.252,1.0
CanadianArchipelago,1997,3,761228.252,1.0
CanadianArchipelago,1997,4,761228.252,1.0
CanadianArchipelago,1997,5,759764.369,0.998
CanadianArchipelago,1997,6,740996.297,0.973
CanadianArchipelago,1997,7,686058.148,0.901
CanadianArchipelago,1997,8,559319.418,0.735
CanadianArchipelago,1997,9,566688.884,0.744
CanadianArchipelago,1997,10,696517.431,0.915
CanadianArchipelago,1997,11,761207.402,1.0
CanadianArchipelago,1997,12,761228.252,1.0
CanadianArchipelago,1998,1,761228.252,1.0
CanadianArchipelago,1998,2,761228.252,1.0
CanadianArchipelago,1998,3,761228.252,1.0
CanadianArchipelago,1998,4,760520.455,0.999
CanadianArchipelago,1998,5,734533.06,0.965
CanadianArchipelago,1998,6,689704.856,0.906
CanadianArchipelago,1998,7,630451.705,0.828
CanadianArchipelago,1998,8,454404.601,0.597
CanadianArchipelago,1998,9,250308.773,0.329
CanadianArchipelago,1998,10,511022.484,0.671
CanadianArchipelago,1998,11,731303.258,0.961
CanadianArchipelago,1998,12,761228.252,1.0
CanadianArchipelago,1999,1,761228.252,1.0
CanadianArchipelago,1999,2,761228.252,1.0
CanadianArchipelago,1999,3,761228.252,1.0
CanadianArchipelago,1999,4,761228.252,1.0
CanadianArchipelago,1999,5,757725.515,0.995
CanadianArchipelago,1999,6,728746.407,0.957
CanadianArchipelago,1999,7,656709.112,0.863
CanadianArchipelago,1999,8,460169.315,0.605
CanadianArchipelago,1999,9,338935.428,0.445
CanadianArchipelago,1999,10,625325.626,0.821
CanadianArchipelago,1999,11,760809.172,0.999
CanadianArchipelago,1999,12,761228.252,1.0
CanadianArchipelago,2000,1,761228.252,1.0
CanadianArchipelago,2000,2,761228.252,1.0
CanadianArchipelago,2000,3,761228.252,1.0
CanadianArchipelago,2000,4,761228.252,1.0
CanadianArchipelago,2000,5,761228.252,1.0
CanadianArchipelago,2000,6,739620.703,0.972
CanadianArchipelago,2000,7,710109.827,0.933
CanadianArchipelago,2000,8,490055.398,0.644
CanadianArchipelago,2000,9,368640.081,0.484
CanadianArchipelago,2000,10,683029.677,0.897
CanadianArchipelago,2000,11,761228.252,1.0
CanadianArchipelago,2000,12,761228.252,1.0
CanadianArchipelago,2001,1,761228.252,1.0
CanadianArchipelago,2001,2,761228.252,1.0
CanadianArchipelago,2001,3,761228.252,1.0
CanadianArchipelago,2001,4,761228.252,1.0
CanadianArchipelago,2001,5,760197.736,0.999
CanadianArchipelago,2001,6,724081.848,0.951
CanadianArchipelago,2001,7,685555.253,0.901
CanadianArchipelago,2001,8,551953.293,0.725
CanadianArchipelago,2001,9,451647.82,0.593
CanadianArchipelago,2001,10,618050.4,0.812
CanadianArchipelago,2001,11,761228.252,1.0
CanadianArchipelago,2001,12,761228.252,1.0
CanadianArchipelago,2002,1,761228.252,1.0
CanadianArchipelago,2002,2,761228.252,1.0
CanadianArchipelago,2002,3,761228.252,1.0
CanadianArchipelago,2002,4,761228.252,1.0
CanadianArchipelago,2002,5,760980.793,1.0
CanadianArchipelago,2002,6,751983.221,0.988
CanadianArchipelago,2002,7,737778.201,0.969
CanadianArchipelago,2002,8,581460.857,0.764
CanadianArchipelago,2002,9,450398.385,0.592
CanadianArchipelago,2002,10,673310.807,0.885
CanadianArchipelago,2002,11,761228.252,1.0
CanadianArchipelago,2002,12,761228.252,1.0
CanadianArchipelago,2003,1,761228.252,1.0
CanadianArchipelago,2003,2,761228.252,1.0
CanadianArchipelago,2003,3,761228.252,1.0
CanadianArchipelago,2003,4,761228.252,1.0
CanadianArchipelago,2003,5,761085.04,1.0
CanadianArchipelago,2003,6,732681.29,0.962
CanadianArchipelago,2003,7,692302.155,0.909
CanadianArchipelago,2003,8,590593.639,0.776
CanadianArchipelago,2003,9,535384.074,0.703
CanadianArchipelago,2003,10,621734.486,0.817
CanadianArchipelago,2003,11,755784.232,0.993
CanadianArchipelago,2003,12,761207.803,1.0
CanadianArchipelago,2004,1,761208.158,1.0
CanadianArchipelago,2004,2,761228.252,1.0
CanadianArchipelago,2004,3,761187.988,1.0
CanadianArchipelago,2004,4,761228.252,1.0
CanadianArchipelago,2004,5,760984.846,1.0
CanadianArchipelago,2004,6,744873.131,0.979
CanadianArchipelago,2004,7,705389.178,0.927
CanadianArchipelago,2004,8,594167.037,0.781
CanadianArchipelago,2004,9,557548.929,0.732
CanadianArchipelago,2004,10,694187.166,0.912
CanadianArchipelago,2004,11,761185.264,1.0
CanadianArchipelago,2004,12,761186.989,1.0
CanadianArchipelago,2005,1,761104.591,1.0
CanadianArchipelago,2005,2,761228.252,1.0
CanadianArchipelago,2005,3,761208.032,1.0
CanadianArchipelago,2005,4,761100.475,1.0
CanadianArchipelago,2005,5,757175.387,0.995
CanadianArchipelago,2005,6,726821.98,0.955
CanadianArchipelago,2005,7,696831.421,0.915
CanadianArchipelago,2005,8,572990.951,0.753
CanadianArchipelago,2005,9,466821.302,0.613
CanadianArchipelago,2005,10,668918.675,0.879
CanadianArchipelago,2005,11,761185.722,1.0
CanadianArchipelago,2005,12,761228.252,1.0
CanadianArchipelago,2006,1,761086.572,1.0
CanadianArchipelago,2006,2,760931.578,1.0
CanadianArchipelago,2006,3,761106.044,1.0
CanadianArchipelago,2006,4,761164.897,1.0
CanadianArchipelago,2006,5,757882.992,0.996
CanadianArchipelago,2006,6,726926.353,0.955
CanadianArchipelago,2006,7,651025.913,0.855
CanadianArchipelago,2006,8,453766.439,0.596
CanadianArchipelago,2006,9,340857.498,0.448
CanadianArchipelago,2006,10,476120.262,0.625
CanadianArchipelago,2006,11,754821.578,0.992
CanadianArchipelago,2006,12,761228.252,1.0
CanadianArchipelago,2007,1,761228.252,1.0
CanadianArchipelago,2007,2,761228.252,1.0
CanadianArchipelago,2007,3,761228.252,1.0
CanadianArchipelago,2007,4,761207.189,1.0
CanadianArchipelago,2007,5,757326.629,0.995
CanadianArchipelago,2007,6,726934.981,0.955
CanadianArchipelago,2007,7,650028.456,0.854
CanadianArchipelago,2007,8,355850.95,0.467
CanadianArchipelago,2007,9,263450.526,0.346
CanadianArchipelago,2007,10,540774.146,0.71
CanadianArchipelago,2007,11,761186.473,1.0
CanadianArchipelago,2007,12,761228.252,1.0
CanadianArchipelago,2008,1,761228.252,1.0
CanadianArchipelago,2008,2,761228.252,1.0
CanadianArchipelago,2008,3,761228.252,1.0
CanadianArchipelago,2008,4,761228.252,1.0
CanadianArchipelago,2008,5,746436.834,0.981
CanadianArchipelago,2008,6,713697.99,0.938
CanadianArchipelago,2008,7,667162.651,0.876
CanadianArchipelago,2008,8,415285.803,0.546
CanadianArchipelago,2008,9,319969.353,0.42
CanadianArchipelago,2008,10,577949.021,0.759
CanadianArchipelago,2008,11,757067.2,0.995
CanadianArchipelago,2008,12,761228.252,1.0
CanadianArchipelago,2009,1,761228.252,1.0
CanadianArchipelago,2009,2,761228.252,1.0
CanadianArchipelago,2009,3,761228.252,1.0
CanadianArchipelago,2009,4,761228.252,1.0
CanadianArchipelago,2009,5,760712.584,0.999
CanadianArchipelago,2009,6,740454.122,0.973
CanadianArchipelago,2009,7,687625.898,0.903
CanadianArchipelago,2009,8,564255.693,0.741
CanadianArchipelago,2009,9,431141.493,0.566
CanadianArchipelago,2009,10,637218.092,0.837
CanadianArchipelago,2009,11,761228.252,1.0
CanadianArchipelago,2009,12,761228.252,1.0
CanadianArchipelago,2010,1,761228.252,1.0
CanadianArchipelago,2010,2,761228.252,1.0
CanadianArchipelago,2010,3,761228.252,1.0
CanadianArchipelago,2010,4,758001.603,0.996
CanadianArchipelago,2010,5,750333.844,0.986
CanadianArchipelago,2010,6,688071.445,0.904
CanadianArchipelago,2010,7,627914.288,0.825
CanadianArchipelago,2010,8,390437.374,0.513
CanadianArchipelago,2010,9,289245.173,0.38
CanadianArchipelago,2010,10,562968.99,0.74
CanadianArchipelago,2010,11,743702.857,0.977
CanadianArchipelago,2010,12,761228.252,1.0
CanadianArchipelago,2011,1,761228.252,1.0
CanadianArchipelago,2011,2,761228.252,1.0
CanadianArchipelago,2011,3,761228.252,1.0
CanadianArchipelago,2011,4,761228.252,1.0
CanadianArchipelago,2011,5,759343.855,0.998
CanadianArchipelago,2011,6,748511.803,0.983
CanadianArchipelago,2011,7,650407.47,0.854
CanadianArchipelago,2011,8,318090.945,0.418
CanadianArchipelago,2011,9,223794.201,0.294
CanadianArchipelago,2011,10,517303.186,0.68
CanadianArchipelago,2011,11,761228.252,1.0
CanadianArchipelago,2011,12,761228.252,1.0
CanadianArchipelago,2012,1,761228.252,1.0
CanadianArchipelago,2012,2,761228.252,1.0
CanadianArchipelago,2012,3,761228.252,1.0
CanadianArchipelago,2012,4,761228.252,1.0
CanadianArchipelago,2012,5,760815.949,0.999
CanadianArchipelago,2012,6,753949.395,0.99
CanadianArchipelago,2012,7,656913.823,0.863
CanadianArchipelago,2012,8,310159.984,0.407
CanadianArchipelago,2012,9,199674.57,0.262
CanadianArchipelago,2012,10,462432.533,0.607
CanadianArchipelago,2012,11,740906.998,0.973
CanadianArchipelago,2012,12,761228.252,1.0
CanadianArchipelago,2013,1,761228.252,1.0
CanadianArchipelago,2013,2,761228.252,1.0
CanadianArchipelago,2013,3,761228.252,1.0
CanadianArchipelago,2013,4,761228.252,1.0
CanadianArchipelago,2013,5,757866.134,0.996
CanadianArchipelago,2013,6,746568.418,0.981
CanadianArchipelago,2013,7,689672.517,0.906
CanadianArchipelago,2013,8,498895.084,0.655
CanadianArchipelago,2013,9,435408.241,0.572
CanadianArchipelago,2013,10,617574.162,0.811
CanadianArchipelago,2013,11,745876.879,0.98
CanadianArchipelago,2013,12,761228.252,1.0
CanadianArchipelago,2014,1,761228.252,1.0
CanadianArchipelago,2014,2,761228.252,1.0
CanadianArchipelago,2014,3,761228.252,1.0
CanadianArchipelago,2014,4,761228.252,1.0
CanadianArchipelago,2014,5,754093.955,0.991
CanadianArchipelago,2014,6,702601.389,0.923
CanadianArchipelago,2014,7,650455.052,0.854
CanadianArchipelago,2014,8,579583.472,0.761
CanadianArchipelago,2014,9,485180.274,0.637
CanadianArchipelago,2014,10,668151.11,0.878
CanadianArchipelago,2014,11,758359.655,0.996
CanadianArchipelago,2014,12,761228.252,1.0
CanadianArchipelago,2015,1,761228.252,1.0
CanadianArchipelago,2015,2,761228.252,1.0
CanadianArchipelago,2015,3,761228.252,1.0
CanadianArchipelago,2015,4,761228.252,1.0
CanadianArchipelago,2015,5,752117.576,0.988
CanadianArchipelago,2015,6,730056.339,0.959
CanadianArchipelago,2015,7,660846.683,0.868
CanadianArchipelago,2015,8,436738.673,0.574
CanadianArchipelago,2015,9,283077.982,0.372
CanadianArchipelago,2015,10,584188.474,0.767
CanadianArchipelago,2015,11,761228.252,1.0
CanadianArchipelago,2015,12,761228.252,1.0
CanadianArchipelago,2016,1,761228.252,1.0
CanadianArchipelago,2016,2,761228.252,1.0
CanadianArchipelago,2016,3,761228.252,1.0
CanadianArchipelago,2016,4,761165.494,1.0
CanadianArchipelago,2016,5,752445.785,0.988
CanadianArchipelago,2016,6,730410.237,0.96
CanadianArchipelago,2016,7,637446.756,0.837
CanadianArchipelago,2016,8,373530.876,0.491
CanadianArchipelago,2016,9,378344.039,0.497
CanadianArchipelago,2016,10,559209.831,0.735
CanadianArchipelago,2016,11,757106.794,0.995
CanadianArchipelago,2016,12,761228.252,1.0
CanadianArchipelago,2017,1,761228.252,1.0
CanadianArchipelago,2017,2,761228.252,1.0
CanadianArchipelago,2017,3,761228.252,1.0
CanadianArchipelago,2017,4,761228.252,1.0
CanadianArchipelago,2017,5,756434.558,0.994
CanadianArchipelago,2017,6,746787.738,0.981
CanadianArchipelago,2017,7,627747.015,0.825
CanadianArchipelago,2017,8,477185.228,0.627
CanadianArchipelago,2017,9,426965.088,0.561
CanadianArchipelago,2017,10,622861.223,0.818
CanadianArchipelago,2017,11,751999.308,0.988
CanadianArchipelago,2017,12,761228.252,1.0
CanadianArchipelago,2018,1,761228.252,1.0
CanadianArchipelago,2018,2,761228.252,1.0
CanadianArchipelago,2018,3,761228.252,1.0
CanadianArchipelago,2018,4,761228.252,1.0
CanadianArchipelago,2018,5,760486.402,0.999
CanadianArchipelago,2018,6,732703.777,0.963
CanadianArchipelago,2018,7,672596.978,0.884
CanadianArchipelago,2018,8,555838.414,0.73
CanadianArchipelago,2018,9,521208.021,0.685
CanadianArchipelago,2018,10,700364.271,0.92
CanadianArchipelago,2018,11,759978.386,0.998
CanadianArchipelago,2018,12,761228.252,1.0
CanadianArchipelago,2019,1,761228.252,1.0
CanadianArchipelago,2019,2,761228.252,1.0
CanadianArchipelago,2019,3,761228.252,1.0
CanadianArchipelago,2019,4,761228.252,1.0
CanadianArchipelago,2019,5,745674.49,0.98
CanadianArchipelago,2019,6,712888.265,0.936
CanadianArchipelago,2019,7,657971.952,0.864
CanadianArchipelago,2019,8,446508.622,0.587
CanadianArchipelago,2019,9,381131.674,0.501
CanadianArchipelago,2019,10,534556.138,0.702
CanadianArchipelago,2019,11,736746.202,0.968
CanadianArchipelago,2019,12,761228.252,1.0
CanadianArchipelago,2020,1,761228.252,1.0
CanadianArchipelago,2020,2,761228.252,1.0
CanadianArchipelago,2020,3,761228.252,1.0
CanadianArchipelago,2020,4,761228.252,1.0
CanadianArchipelago,2020,5,759515.993,0.998
CanadianArchipelago,2020,6,727816.29,0.956
CanadianArchipelago,2020,7,643315.136,0.845
CanadianArchipelago,2020,8,467357.023,0.614
CanadianArchipelago,2020,9,407187.504,0.535
CanadianArchipelago,2020,10,552070.458,0.725
CanadianArchipelago,2020,11,761228.252,1.0
CanadianArchipelago,2020,12,761228.252,1.0
CanadianArchipelago,2021,1,761228.252,1.0
CanadianArchipelago,2021,2,761228.252,1.0
CanadianArchipelago,2021,3,761228.252,1.0
CanadianArchipelago,2021,4,761228.252,1.0
CanadianArchipelago,2021,5,760019.921,0.998
CanadianArchipelago,2021,6,728313.355,0.957
CanadianArchipelago,2021,7,651273.679,0.856
CanadianArchipelago,2021,8,528504.769,0.694
CanadianArchipelago,2021,9,466495.159,0.613
CanadianArchipelago,2021,10,461959.154,0.607
CanadianArchipelago,2021,11,713861.337,0.938
CanadianArchipelago,2021,12,761228.252,1.0
CanadianArchipelago,2022,1,761228.252,1.0
CanadianArchipelago,2022,2,761228.252,1.0
CanadianArchipelago,2022,3,761228.252,1.0
CanadianArchipelago,2022,4,761228.252,1.0
CanadianArchipelago,2022,5,760856.957,1.0
CanadianArchipelago,2022,6,760972.495,1.0
CanadianArchipelago,2022,7,707406.035,0.929
CanadianArchipelago,2022,8,409551.239,0.538
CanadianArchipelago,2022,9,279049.897,0.367
CanadianArchipelago,2022,10,522244.127,0.686
CanadianArchipelago,2022,11,761228.252,1.0
CanadianArchipelago,2022,12,761228.252,1.0
CanadianArchipelago,2023,1,761228.252,1.0
CanadianArchipelago,2023,2,761228.252,1.0
CanadianArchipelago,2023,3,761228.252,1.0
CanadianArchipelago,2023,4,761228.252,1.0
CanadianArchipelago,2023,5,755932.893,0.993
CanadianArchipelago,2023,6,727689.32,0.956
CanadianArchipelago,2023,7,608630.594,0.8
CanadianArchipelago,2023,8,331439.082,0.435
CanadianArchipelago,2023,9,228636.78,0.3
CanadianArchipelago,2023,10,355644.596,0.467
CanadianArchipelago,2023,11,722705.1,0.949
CanadianArchipelago,2023,12,761228.252,1.0
CanadianArchipelago,2024,1,761228.252,1.0
CanadianArchipelago,2024,2,761228.252,1.0
CanadianArchipelago,2024,3,761228.252,1.0
CanadianArchipelago,2024,4,761228.252,1.0
CanadianArchipelago,2024,5,752948.225,0.989
CanadianArchipelago,2024,6,689590.23,0.906
CanadianArchipelago,2024,7,602476.069,0.791
CanadianArchipelago,2024,8,302155.189,0.397
CanadianArchipelago,2024,9,229873.596,0.302
CanadianArchipelago,2024,10,251923.157,0.331
CanadianArchipelago,2024,11,699718.502,0.919
CanadianArchipelago,2024,12,761228.252,1.0
CanadianArchipelago,2025,1,761228.252,1.0
CanadianArchipelago,2025,2,761228.252,1.0
CanadianArchipelago,2025,3,761228.252,1.0
CanadianArchipelago,2025,4,761228.252,1.0
CanadianArchipelago,2025,5,761165.944,1.0
CanadianArchipelago,2025,6,757179.824,0.995
CanadianArchipelago,2025,7,605211.674,0.795
CanadianArchipelago,2025,8,394119.731,0.518
CanadianArchipelago,2025,9,286705.892,0.377
CanadianArchipelago,2025,10,421979.446,0.554
CanadianArchipelago,2025,11,695043.575,0.913
CanadianArchipelago,2025,12,761228.252,1.0
CanadianArchipelago,2026,1,761228.252,1.0
CanadianArchipelago,2026,2,761228.252,1.0
CanadianArchipelago,2026,3,761228.252,1.0
CanadianArchipelago,2026,4,761228.252,1.0
CanadianArchipelago,2026,5,759618.525,0.998
CanadianArchipelago,2026,6,749460.368,0.985
CanadianArchipelago,2026,7,633885.666,0.833
CanadianArchipelago,2026,8,385056.002,0.506
Central-Arctic,1978,11,3224681.689,1.0
Central-Arctic,1978,12,3224681.689,1.0
Central-Arctic,1979,1,3224681.689,1.0
Central-Arctic,1979,2,3224681.689,1.0
Central-Arctic,1979,3,3224681.689,1.0
Central-Arctic,1979,4,3224681.689,1.0
Central-Arctic,1979,5,3224681.689,1.0
Central-Arctic,1979,6,3223105.355,1.0
Central-Arctic,1979,7,3212209.944,0.996
Central-Arctic,1979,8,3184429.112,0.988
Central-Arctic,1979,9,3033578.553,0.941
Central-Arctic,1979,10,3167525.409,0.982
Central-Arctic,1979,11,3208677.511,0.995
Central-Arctic,1979,12,3224681.689,1.0
Central-Arctic,1980,1,3224681.689,1.0
Central-Arctic,1980,2,3224681.689,1.0
Central-Arctic,1980,3,3224681.689,1.0
Central-Arctic,1980,4,3224681.689,1.0
Central-Arctic,1980,5,3224594.025,1.0
Central-Arctic,1980,6,3223813.288,1.0
Central-Arctic,1980,7,3219850.138,0.999
Central-Arctic,1980,8,3219739.202,0.998
Central-Arctic,1980,9,3216200.972,0.997
Central-Arctic,1980,10,3223575.663,1.0
Central-Arctic,1980,11,3224681.689,1.0
Central-Arctic,1980,12,3224681.689,1.0
Central-Arctic,1981,1,3224681.689,1.0
Central-Arctic,1981,2,3224681.689,1.0
Central-Arctic,1981,3,3224681.689,1.0
Central-Arctic,1981,4,3224681.689,1.0
Central-Arctic,1981,5,3224681.689,1.0
Central-Arctic,1981,6,3224638.358,1.0
Central-Arctic,1981,7,3223682.393,1.0
Central-Arctic,1981,8,3222256.755,0.999
Central-Arctic,1981,9,3209822.723,0.995
Central-Arctic,1981,10,3224070.1,1.0
Central-Arctic,1981,11,3224419.441,1.0
Central-Arctic,1981,12,3224681.689,1.0
Central-Arctic,1982,1,3224681.689,1.0
Central-Arctic,1982,2,3224681.689,1.0
Central-Arctic,1982,3,3224681.689,1.0
Central-Arctic,1982,4,3224681.689,1.0
Central-Arctic,1982,5,3224681.689,1.0
Central-Arctic,1982,6,3224377.494,1.0
Central-Arctic,1982,7,3223135.643,1.0
Central-Arctic,1982,8,3221831.185,0.999
Central-Arctic,1982,9,3223546.181,1.0
Central-Arctic,1982,10,3224271.942,1.0
Central-Arctic,1982,11,3224637.938,1.0
Central-Arctic,1982,12,3224550.505,1.0
Central-Arctic,1983,1,3224599.694,1.0
Central-Arctic,1983,2,3224681.689,1.0
Central-Arctic,1983,3,3223676.159,1.0
Central-Arctic,1983,4,3224681.689,1.0
Central-Arctic,1983,5,3224681.689,1.0
Central-Arctic,1983,6,3224594.189,1.0
Central-Arctic,1983,7,3223546.172,1.0
Central-Arctic,1983,8,3203693.42,0.993
Central-Arctic,1983,9,3170436.788,0.983
Central-Arctic,1983,10,3196697.726,0.991
Central-Arctic,1983,11,3224637.91,1.0
Central-Arctic,1983,12,3224681.689,1.0
Central-Arctic,1984,1,3224637.95,1.0
Central-Arctic,1984,2,3224244.671,1.0
Central-Arctic,1984,3,3224681.689,1.0
Central-Arctic,1984,4,3224681.689,1.0
Central-Arctic,1984,5,3223861.622,1.0
Central-Arctic,1984,6,3220880.257,0.999
Central-Arctic,1984,7,3183801.649,0.987
Central-Arctic,1984,8,3102940.112,0.962
Central-Arctic,1984,9,3069717.012,0.952
Central-Arctic,1984,10,3106509.483,0.963
Central-Arctic,1984,11,3168771.985,0.983
Central-Arctic,1984,12,3167369.715,0.982
Central-Arctic,1985,1,3192165.398,0.99
Central-Arctic,1985,2,3214969.01,0.997
Central-Arctic,1985,3,3212533.121,0.996
Central-Arctic,1985,4,3224681.689,1.0
Central-Arctic,1985,5,3223981.125,1.0
Central-Arctic,1985,6,3219561.959,0.998
Central-Arctic,1985,7,3208983.326,0.995
Central-Arctic,1985,8,3105747.782,0.963
Central-Arctic,1985,9,3081288.107,0.956
Central-Arctic,1985,10,3186692.403,0.988
Central-Arctic,1985,11,3223544.746,1.0
Central-Arctic,1985,12,3224681.689,1.0
Central-Arctic,1986,1,3224681.689,1.0
Central-Arctic,1986,2,3224635.01,1.0
Central-Arctic,1986,3,3224681.689,1.0
Central-Arctic,1986,4,3224681.689,1.0
Central-Arctic,1986,5,3224681.689,1.0
Central-Arctic,1986,6,3224681.689,1.0
Central-Arctic,1986,7,3221108.33,0.999
Central-Arctic,1986,8,3200120.221,0.992
Central-Arctic,1986,9,3193759.28,0.99
Central-Arctic,1986,10,3218822.827,0.998
Central-Arctic,1986,11,3224332.045,1.0
Central-Arctic,1986,12,3223738.015,1.0
Central-Arctic,1987,1,3208624.282,0.995
Central-Arctic,1987,2,3224587.846,1.0
Central-Arctic,1987,3,3224681.689,1.0
Central-Arctic,1987,4,3224200.187,1.0
Central-Arctic,1987,5,3224550.425,1.0
Central-Arctic,1987,6,3224681.689,1.0
Central-Arctic,1987,7,3223169.1,1.0
Central-Arctic,1987,8,3217664.92,0.998
Central-Arctic,1987,9,3217679.948,0.998
Central-Arctic,1987,10,3224681.689,1.0
Central-Arctic,1987,11,3224681.689,1.0
Central-Arctic,1988,2,3224568.824,1.0
Central-Arctic,1988,3,3224660.334,1.0
Central-Arctic,1988,4,3224659.783,1.0
Central-Arctic,1988,5,3221016.531,0.999
Central-Arctic,1988,6,3207607.344,0.995
Central-Arctic,1988,7,3223876.938,1.0
Central-Arctic,1988,8,3217888.841,0.998
Central-Arctic,1988,9,3221206.24,0.999
Central-Arctic,1988,10,3224681.689,1.0
Central-Arctic,1988,11,3224659.846,1.0
Central-Arctic,1988,12,3224681.689,1.0
Central-Arctic,1989,1,3224681.689,1.0
Central-Arctic,1989,2,3224634.737,1.0
Central-Arctic,1989,3,3224511.961,1.0
Central-Arctic,1989,4,3224659.804,1.0
Central-Arctic,1989,5,3219150.223,0.998
Central-Arctic,1989,6,3224243.842,1.0
Central-Arctic,1989,7,3224575.798,1.0
Central-Arctic,1989,8,3224491.133,1.0
Central-Arctic,1989,9,3215607.503,0.997
Central-Arctic,1989,10,3205421.808,0.994
Central-Arctic,1989,11,3216636.342,0.998
Central-Arctic,1989,12,3224258.448,1.0
Central-Arctic,1990,1,3203457.818,0.993
Central-Arctic,1990,2,3202180.418,0.993
Central-Arctic,1990,3,3224533.154,1.0
Central-Arctic,1990,4,3223851.544,1.0
Central-Arctic,1990,5,3224681.689,1.0
Central-Arctic,1990,6,3224571.81,1.0
Central-Arctic,1990,7,3221267.87,0.999
Central-Arctic,1990,8,3213590.549,0.997
Central-Arctic,1990,9,3148249.915,0.976
Central-Arctic,1990,10,3145394.183,0.975
Central-Arctic,1990,11,3212506.32,0.996
Central-Arctic,1990,12,3220699.998,0.999
Central-Arctic,1991,1,3218793.598,0.998
Central-Arctic,1991,2,3217888.104,0.998
Central-Arctic,1991,3,3224660.513,1.0
Central-Arctic,1991,4,3224681.689,1.0
Central-Arctic,1991,5,3224681.689,1.0
Central-Arctic,1991,6,3224681.689,1.0
Central-Arctic,1991,7,3223260.22,1.0
Central-Arctic,1991,8,3201899.206,0.993
Central-Arctic,1991,9,3173573.99,0.984
Central-Arctic,1991,10,3214061.42,0.997
Central-Arctic,1991,11,3224397.684,1.0
Central-Arctic,1991,12,3224681.689,1.0
Central-Arctic,1992,1,3223685.869,1.0
Central-Arctic,1992,2,3224613.425,1.0
Central-Arctic,1992,3,3222032.79,0.999
Central-Arctic,1992,4,3224375.306,1.0
Central-Arctic,1992,5,3218579.651,0.998
Central-Arctic,1992,6,3224594.089,1.0
Central-Arctic,1992,7,3223579.83,1.0
Central-Arctic,1992,8,3212798.46,0.996
Central-Arctic,1992,9,3186858.098,0.988
Central-Arctic,1992,10,3212412.676,0.996
Central-Arctic,1992,11,3224528.743,1.0
Central-Arctic,1992,12,3222545.681,0.999
Central-Arctic,1993,1,3224278.772,1.0
Central-Arctic,1993,2,3219727.094,0.998
Central-Arctic,1993,3,3224681.689,1.0
Central-Arctic,1993,4,3224309.814,1.0
Central-Arctic,1993,5,3224660.513,1.0
Central-Arctic,1993,6,3222909.558,0.999
Central-Arctic,1993,7,3224681.689,1.0
Central-Arctic,1993,8,3208992.586,0.995
Central-Arctic,1993,9,3208568.881,0.995
Central-Arctic,1993,10,3220791.016,0.999
Central-Arctic,1993,11,3212510.754,0.996
Central-Arctic,1993,12,3221721.089,0.999
Central-Arctic,1994,1,3224639.355,1.0
Central-Arctic,1994,2,3224681.689,1.0
Central-Arctic,1994,3,3224681.689,1.0
Central-Arctic,1994,4,3224572.254,1.0
Central-Arctic,1994,5,3224660.442,1.0
Central-Arctic,1994,6,3217768.262,0.998
Central-Arctic,1994,7,3164864.416,0.981
Central-Arctic,1994,8,3164105.761,0.981
Central-Arctic,1994,9,3174193.916,0.984
Central-Arctic,1994,10,3211118.716,0.996
Central-Arctic,1994,11,3224659.577,1.0
Central-Arctic,1994,12,3223370.68,1.0
Central-Arctic,1995,1,3224384.829,1.0
Central-Arctic,1995,2,3223790.178,1.0
Central-Arctic,1995,3,3224342.712,1.0
Central-Arctic,1995,4,3210094.287,0.995
Central-Arctic,1995,5,3222098.429,0.999
Central-Arctic,1995,6,3224114.085,1.0
Central-Arctic,1995,7,3197604.532,0.992
Central-Arctic,1995,8,3135583.662,0.972
Central-Arctic,1995,9,3151146.034,0.977
Central-Arctic,1995,10,3147046.872,0.976
Central-Arctic,1995,11,3224659.852,1.0
Central-Arctic,1995,12,3224681.689,1.0
Central-Arctic,1996,1,3224618.002,1.0
Central-Arctic,1996,2,3224681.689,1.0
Central-Arctic,1996,3,3223329.571,1.0
Central-Arctic,1996,4,3223718.88,1.0
Central-Arctic,1996,5,3224639.325,1.0
Central-Arctic,1996,6,3220115.101,0.999
Central-Arctic,1996,7,3217624.438,0.998
Central-Arctic,1996,8,3190981.501,0.99
Central-Arctic,1996,9,3087791.618,0.958
Central-Arctic,1996,10,3167795.315,0.982
Central-Arctic,1996,11,3209677.371,0.995
Central-Arctic,1996,12,3224576.003,1.0
Central-Arctic,1997,1,3224660.461,1.0
Central-Arctic,1997,2,3224658.028,1.0
Central-Arctic,1997,3,3224066.909,1.0
Central-Arctic,1997,4,3224681.689,1.0
Central-Arctic,1997,5,3219448.966,0.998
Central-Arctic,1997,6,3218071.729,0.998
Central-Arctic,1997,7,3220215.268,0.999
Central-Arctic,1997,8,3215703.396,0.997
Central-Arctic,1997,9,3189981.296,0.989
Central-Arctic,1997,10,3209722.928,0.995
Central-Arctic,1997,11,3224681.689,1.0
Central-Arctic,1997,12,3224427.987,1.0
Central-Arctic,1998,1,3224512.568,1.0
Central-Arctic,1998,2,3224681.689,1.0
Central-Arctic,1998,3,3224681.689,1.0
Central-Arctic,1998,4,3224681.689,1.0
Central-Arctic,1998,5,3224681.689,1.0
Central-Arctic,1998,6,3224681.689,1.0
Central-Arctic,1998,7,3223583.143,1.0
Central-Arctic,1998,8,3207807.372,0.995
Central-Arctic,1998,9,3200806.963,0.993
Central-Arctic,1998,10,3212707.618,0.996
Central-Arctic,1998,11,3205712.272,0.994
Central-Arctic,1998,12,3220893.874,0.999
Central-Arctic,1999,1,3221506.909,0.999
Central-Arctic,1999,2,3221188.746,0.999
Central-Arctic,1999,3,3224639.308,1.0
Central-Arctic,1999,4,3224506.581,1.0
Central-Arctic,1999,5,3224681.689,1.0
Central-Arctic,1999,6,3224681.689,1.0
Central-Arctic,1999,7,3208306.64,0.995
Central-Arctic,1999,8,3124854.056,0.969
Central-Arctic,1999,9,3091127.1,0.959
Central-Arctic,1999,10,3171099.422,0.983
Central-Arctic,1999,11,3196615.03,0.991
Central-Arctic,1999,12,3220704.433,0.999
Central-Arctic,2000,1,3212857.822,0.996
Central-Arctic,2000,2,3224681.689,1.0
Central-Arctic,2000,3,3221099.402,0.999
Central-Arctic,2000,4,3224681.689,1.0
Central-Arctic,2000,5,3224681.689,1.0
Central-Arctic,2000,6,3224681.689,1.0
Central-Arctic,2000,7,3222820.835,0.999
Central-Arctic,2000,8,3171000.39,0.983
Central-Arctic,2000,9,3164083.865,0.981
Central-Arctic,2000,10,3178142.95,0.986
Central-Arctic,2000,11,3197982.819,0.992
Central-Arctic,2000,12,3214802.888,0.997
Central-Arctic,2001,1,3221781.757,0.999
Central-Arctic,2001,2,3211557.786,0.996
Central-Arctic,2001,3,3224681.689,1.0
Central-Arctic,2001,4,3224681.689,1.0
Central-Arctic,2001,5,3218941.052,0.998
Central-Arctic,2001,6,3221601.45,0.999
Central-Arctic,2001,7,3198247.446,0.992
Central-Arctic,2001,8,3136045.618,0.973
Central-Arctic,2001,9,3053773.895,0.947
Central-Arctic,2001,10,3105502.526,0.963
Central-Arctic,2001,11,3223043.929,0.999
Central-Arctic,2001,12,3223476.846,1.0
Central-Arctic,2002,1,3220533.226,0.999
Central-Arctic,2002,2,3222712.715,0.999
Central-Arctic,2002,3,3224681.689,1.0
Central-Arctic,2002,4,3223543.185,1.0
Central-Arctic,2002,5,3224681.689,1.0
Central-Arctic,2002,6,3224418.474,1.0
Central-Arctic,2002,7,3223961.602,1.0
Central-Arctic,2002,8,3198622.943,0.992
Central-Arctic,2002,9,3181028.601,0.986
Central-Arctic,2002,10,3219374.517,0.998
Central-Arctic,2002,11,3224484.963,1.0
Central-Arctic,2002,12,3219773.397,0.998
Central-Arctic,2003,1,3220471.575,0.999
Central-Arctic,2003,2,3224658.154,1.0
Central-Arctic,2003,3,3224681.689,1.0
Central-Arctic,2003,4,3224681.689,1.0
Central-Arctic,2003,5,3224681.689,1.0
Central-Arctic,2003,6,3224288.094,1.0
Central-Arctic,2003,7,3224681.689,1.0
Central-Arctic,2003,8,3223243.368,1.0
Central-Arctic,2003,9,3217075.089,0.998
Central-Arctic,2003,10,3220387.839,0.999
Central-Arctic,2003,11,3218605.196,0.998
Central-Arctic,2003,12,3222439.617,0.999
Central-Arctic,2004,1,3224681.689,1.0
Central-Arctic,2004,2,3224160.627,1.0
Central-Arctic,2004,3,3221930.704,0.999
Central-Arctic,2004,4,3222361.602,0.999
Central-Arctic,2004,5,3211418.731,0.996
Central-Arctic,2004,6,3218902.004,0.998
Central-Arctic,2004,7,3171611.046,0.984
Central-Arctic,2004,8,3112884.761,0.965
Central-Arctic,2004,9,3094378.935,0.96
Central-Arctic,2004,10,3144131.325,0.975
Central-Arctic,2004,11,3210889.506,0.996
Central-Arctic,2004,12,3222058.908,0.999
Central-Arctic,2005,1,3221677.759,0.999
Central-Arctic,2005,2,3212098.868,0.996
Central-Arctic,2005,3,3224681.689,1.0
Central-Arctic,2005,4,3224615.939,1.0
Central-Arctic,2005,5,3224512.118,1.0
Central-Arctic,2005,6,3224200.222,1.0
Central-Arctic,2005,7,3216325.539,0.997
Central-Arctic,2005,8,3139473.853,0.974
Central-Arctic,2005,9,3065172.025,0.951
Central-Arctic,2005,10,3203181.957,0.993
Central-Arctic,2005,11,3224506.924,1.0
Central-Arctic,2005,12,3216876.179,0.998
Central-Arctic,2006,1,3157956.792,0.979
Central-Arctic,2006,2,3209277.448,0.995
Central-Arctic,2006,3,3224639.479,1.0
Central-Arctic,2006,4,3203598.131,0.993
Central-Arctic,2006,5,3188691.666,0.989
Central-Arctic,2006,6,3191652.138,0.99
Central-Arctic,2006,7,3136053.653,0.973
Central-Arctic,2006,8,3128765.605,0.97
Central-Arctic,2006,9,3175794.673,0.985
Central-Arctic,2006,10,3221425.504,0.999
Central-Arctic,2006,11,3185111.458,0.988
Central-Arctic,2006,12,3196664.811,0.991
Central-Arctic,2007,1,3211646.884,0.996
Central-Arctic,2007,2,3220180.777,0.999
Central-Arctic,2007,3,3224448.667,1.0
Central-Arctic,2007,4,3224681.689,1.0
Central-Arctic,2007,5,3224681.689,1.0
Central-Arctic,2007,6,3223786.136,1.0
Central-Arctic,2007,7,3194447.534,0.991
Central-Arctic,2007,8,3081031.22,0.955
Central-Arctic,2007,9,2747129.972,0.852
Central-Arctic,2007,10,2986289.795,0.926
Central-Arctic,2007,11,3182617.922,0.987
Central-Arctic,2007,12,3198432.528,0.992
Central-Arctic,2008,1,3207077.959,0.995
Central-Arctic,2008,2,3224364.996,1.0
Central-Arctic,2008,3,3224681.689,1.0
Central-Arctic,2008,4,3224681.689,1.0
Central-Arctic,2008,5,3224681.689,1.0
Central-Arctic,2008,6,3224681.689,1.0
Central-Arctic,2008,7,3224067.276,1.0
Central-Arctic,2008,8,3177204.54,0.985
Central-Arctic,2008,9,3087798.357,0.958
Central-Arctic,2008,10,3190232.997,0.989
Central-Arctic,2008,11,3218998.765,0.998
Central-Arctic,2008,12,3216834.447,0.998
Central-Arctic,2009,1,3224681.689,1.0
Central-Arctic,2009,2,3224541.043,1.0
Central-Arctic,2009,3,3224681.689,1.0
Central-Arctic,2009,4,3224681.689,1.0
Central-Arctic,2009,5,3221045.406,0.999
Central-Arctic,2009,6,3223413.994,1.0
Central-Arctic,2009,7,3210250.736,0.996
Central-Arctic,2009,8,3199694.93,0.992
Central-Arctic,2009,9,3125668.031,0.969
Central-Arctic,2009,10,3040483.159,0.943
Central-Arctic,2009,11,3149977.256,0.977
Central-Arctic,2009,12,3191406.868,0.99
Central-Arctic,2010,1,3211736.254,0.996
Central-Arctic,2010,2,3220372.638,0.999
Central-Arctic,2010,3,3224639.291,1.0
Central-Arctic,2010,4,3223806.067,1.0
Central-Arctic,2010,5,3222586.737,0.999
Central-Arctic,2010,6,3202664.46,0.993
Central-Arctic,2010,7,3158959.485,0.98
Central-Arctic,2010,8,3141316.046,0.974
Central-Arctic,2010,9,3143210.596,0.975
Central-Arctic,2010,10,3162080.297,0.981
Central-Arctic,2010,11,3223544.863,1.0
Central-Arctic,2010,12,3224681.689,1.0
Central-Arctic,2011,1,3224681.689,1.0
Central-Arctic,2011,2,3224681.689,1.0
Central-Arctic,2011,3,3224237.633,1.0
Central-Arctic,2011,4,3223784.292,1.0
Central-Arctic,2011,5,3223517.146,1.0
Central-Arctic,2011,6,3211551.382,0.996
Central-Arctic,2011,7,3179646.949,0.986
Central-Arctic,2011,8,3085362.526,0.957
Central-Arctic,2011,9,2997821.896,0.93
Central-Arctic,2011,10,3113807.255,0.966
Central-Arctic,2011,11,3196435.002,0.991
Central-Arctic,2011,12,3221294.909,0.999
Central-Arctic,2012,1,3192619.115,0.99
Central-Arctic,2012,2,3171267.114,0.983
Central-Arctic,2012,3,3182391.748,0.987
Central-Arctic,2012,4,3221577.786,0.999
Central-Arctic,2012,5,3224427.895,1.0
Central-Arctic,2012,6,3207020.062,0.995
Central-Arctic,2012,7,3145855.126,0.976
Central-Arctic,2012,8,2994116.551,0.928
Central-Arctic,2012,9,2717902.4,0.843
Central-Arctic,2012,10,3001942.274,0.931
Central-Arctic,2012,11,3094969.13,0.96
Central-Arctic,2012,12,3163740.225,0.981
Central-Arctic,2013,1,3142355.056,0.974
Central-Arctic,2013,2,3201019.261,0.993
Central-Arctic,2013,3,3223622.975,1.0
Central-Arctic,2013,4,3220762.747,0.999
Central-Arctic,2013,5,3209411.184,0.995
Central-Arctic,2013,6,3219700.344,0.998
Central-Arctic,2013,7,3105591.442,0.963
Central-Arctic,2013,8,2935917.851,0.91
Central-Arctic,2013,9,2773561.211,0.86
Central-Arctic,2013,10,3020078.19,0.937
Central-Arctic,2013,11,3154082.394,0.978
Central-Arctic,2013,12,3211624.167,0.996
Central-Arctic,2014,1,3189508.536,0.989
Central-Arctic,2014,2,3170354.072,0.983
Central-Arctic,2014,3,3209795.387,0.995
Central-Arctic,2014,4,3224681.689,1.0
Central-Arctic,2014,5,3224597.057,1.0
Central-Arctic,2014,6,3224681.689,1.0
Central-Arctic,2014,7,3219827.352,0.998
Central-Arctic,2014,8,3120252.44,0.968
Central-Arctic,2014,9,3030627.598,0.94
Central-Arctic,2014,10,3189353.516,0.989
Central-Arctic,2014,11,3222867.324,0.999
Central-Arctic,2014,12,3220874.218,0.999
Central-Arctic,2015,1,3215098.636,0.997
Central-Arctic,2015,2,3214933.052,0.997
Central-Arctic,2015,3,3221652.096,0.999
Central-Arctic,2015,4,3222294.648,0.999
Central-Arctic,2015,5,3222881.268,0.999
Central-Arctic,2015,6,3189116.547,0.989
Central-Arctic,2015,7,3168560.546,0.983
Central-Arctic,2015,8,3075163.815,0.954
Central-Arctic,2015,9,3060317.035,0.949
Central-Arctic,2015,10,3105020.913,0.963
Central-Arctic,2015,11,3141300.049,0.974
Central-Arctic,2015,12,3177153.644,0.985
Central-Arctic,2016,1,3170339.55,0.983
Central-Arctic,2016,2,3169672.634,0.983
Central-Arctic,2016,3,3173707.699,0.984
Central-Arctic,2016,4,3214834.695,0.997
Central-Arctic,2016,5,3188321.134,0.989
Central-Arctic,2016,6,3166780.626,0.982
Central-Arctic,2016,7,3099905.655,0.961
Central-Arctic,2016,8,3028138.075,0.939
Central-Arctic,2016,9,2911173.293,0.903
Central-Arctic,2016,10,3095779.52,0.96
Central-Arctic,2016,11,3071906.863,0.953
Central-Arctic,2016,12,3109837.968,0.964
Central-Arctic,2017,1,3131185.474,0.971
Central-Arctic,2017,2,3176034.428,0.985
Central-Arctic,2017,3,3221150.109,0.999
Central-Arctic,2017,4,3224681.689,1.0
Central-Arctic,2017,5,3223919.322,1.0
Central-Arctic,2017,6,3218073.773,0.998
Central-Arctic,2017,7,3221823.79,0.999
Central-Arctic,2017,8,3191635.895,0.99
Central-Arctic,2017,9,3094691.775,0.96
Central-Arctic,2017,10,3139322.937,0.974
Central-Arctic,2017,11,3173448.726,0.984
Central-Arctic,2017,12,3187668.918,0.989
Central-Arctic,2018,1,3193943.045,0.99
Central-Arctic,2018,2,3153584.79,0.978
Central-Arctic,2018,3,3178505.241,0.986
Central-Arctic,2018,4,3213745.042,0.997
Central-Arctic,2018,5,3179737.849,0.986
Central-Arctic,2018,6,3117162.689,0.967
Central-Arctic,2018,7,3079774.685,0.955
Central-Arctic,2018,8,2963596.124,0.919
Central-Arctic,2018,9,2964987.382,0.919
Central-Arctic,2018,10,2952221.38,0.916
Central-Arctic,2018,11,3120041.457,0.968
Central-Arctic,2018,12,3151881.655,0.977
Central-Arctic,2019,1,3211205.253,0.996
Central-Arctic,2019,2,3210405.703,0.996
Central-Arctic,2019,3,3224470.143,1.0
Central-Arctic,2019,4,3224616.043,1.0
Central-Arctic,2019,5,3220849.452,0.999
Central-Arctic,2019,6,3215137.935,0.997
Central-Arctic,2019,7,3196504.211,0.991
Central-Arctic,2019,8,3146209.947,0.976
Central-Arctic,2019,9,3074821.665,0.954
Central-Arctic,2019,10,3138449.971,0.973
Central-Arctic,2019,11,3219938.677,0.999
Central-Arctic,2019,12,3223582.308,1.0
Central-Arctic,2020,1,3224279.513,1.0
Central-Arctic,2020,2,3224681.689,1.0
Central-Arctic,2020,3,3224681.689,1.0
Central-Arctic,2020,4,3224681.689,1.0
Central-Arctic,2020,5,3214559.382,0.997
Central-Arctic,2020,6,3220702.031,0.999
Central-Arctic,2020,7,3114496.166,0.966
Central-Arctic,2020,8,2907874.647,0.902
Central-Arctic,2020,9,2579164.836,0.8
Central-Arctic,2020,10,2920389.64,0.906
Central-Arctic,2020,11,3069704.483,0.952
Central-Arctic,2020,12,3188503.321,0.989
Central-Arctic,2021,1,3171460.305,0.983
Central-Arctic,2021,2,3189226.593,0.989
Central-Arctic,2021,3,3206902.538,0.994
Central-Arctic,2021,4,3215130.742,0.997
Central-Arctic,2021,5,3224681.689,1.0
Central-Arctic,2021,6,3224287.726,1.0
Central-Arctic,2021,7,3209564.483,0.995
Central-Arctic,2021,8,3030264.659,0.94
Central-Arctic,2021,9,2930021.225,0.909
Central-Arctic,2021,10,3088631.836,0.958
Central-Arctic,2021,11,3200098.541,0.992
Central-Arctic,2021,12,3203493.552,0.993
Central-Arctic,2022,1,3202564.581,0.993
Central-Arctic,2022,2,3214216.135,0.997
Central-Arctic,2022,3,3194460.338,0.991
Central-Arctic,2022,4,3224681.689,1.0
Central-Arctic,2022,5,3224152.761,1.0
Central-Arctic,2022,6,3198190.193,0.992
Central-Arctic,2022,7,3153869.035,0.978
Central-Arctic,2022,8,3082913.886,0.956
Central-Arctic,2022,9,3077584.995,0.954
Central-Arctic,2022,10,3103145.196,0.962
Central-Arctic,2022,11,3157043.789,0.979
Central-Arctic,2022,12,3201428.529,0.993
Central-Arctic,2023,1,3192155.896,0.99
Central-Arctic,2023,2,3171128.165,0.983
Central-Arctic,2023,3,3214628.413,0.997
Central-Arctic,2023,4,3224659.783,1.0
Central-Arctic,2023,5,3224639.387,1.0
Central-Arctic,2023,6,3224681.689,1.0
Central-Arctic,2023,7,3224449.041,1.0
Central-Arctic,2023,8,3179800.702,0.986
Central-Arctic,2023,9,3053596.721,0.947
Central-Arctic,2023,10,3152045.896,0.977
Central-Arctic,2023,11,3218081.625,0.998
Central-Arctic,2023,12,3215162.984,0.997
Central-Arctic,2024,1,3220979.382,0.999
Central-Arctic,2024,2,3203009.692,0.993
Central-Arctic,2024,3,3220808.411,0.999
Central-Arctic,2024,4,3224681.689,1.0
Central-Arctic,2024,5,3222884.684,0.999
Central-Arctic,2024,6,3219636.234,0.998
Central-Arctic,2024,7,3159395.433,0.98
Central-Arctic,2024,8,3015204.358,0.935
Central-Arctic,2024,9,2958295.602,0.917
Central-Arctic,2024,10,2988010.395,0.927
Central-Arctic,2024,11,3036428.358,0.942
Central-Arctic,2024,12,3200775.263,0.993
Central-Arctic,2025,1,3214501.357,0.997
Central-Arctic,2025,2,3185447.9,0.988
Central-Arctic,2025,3,3213486.312,0.997
Central-Arctic,2025,4,3224506.783,1.0
Central-Arctic,2025,5,3219006.307,0.998
Central-Arctic,2025,6,3151085.751,0.977
Central-Arctic,2025,7,3066008.121,0.951
Central-Arctic,2025,8,2943674.39,0.913
Central-Arctic,2025,9,2925920.619,0.907
Central-Arctic,2025,10,2880468.185,0.893
Central-Arctic,2025,11,3064678.034,0.95
Central-Arctic,2025,12,3096519.368,0.96
Central-Arctic,2026,1,3180776.592,0.986
Central-Arctic,2026,2,3209026.607,0.995
Central-Arctic,2026,3,3191613.371,0.99
Central-Arctic,2026,4,3222252.713,0.999
Central-Arctic,2026,5,3188362.997,0.989
Central-Arctic,2026,6,3124888.336,0.969
Central-Arctic,2026,7,3004519.647,0.932
Central-Arctic,2026,8,2931082.106,0.909
Chukchi,1978,11,727249.346,0.876
Chukchi,1978,12,822868.94,0.991
Chukchi,1979,1,830230.495,1.0
Chukchi,1979,2,830271.256,1.0
Chukchi,1979,3,830271.256,1.0
Chukchi,1979,4,830271.256,1.0
Chukchi,1979,5,825467.952,0.994
Chukchi,1979,6,738797.191,0.89
Chukchi,1979,7,629104.966,0.758
Chukchi,1979,8,401055.902,0.483
Chukchi,1979,9,308077.965,0.371
Chukchi,1979,10,416610.941,0.502
Chukchi,1979,11,694668.139,0.837
Chukchi,1979,12,830271.256,1.0
Chukchi,1980,1,830271.256,1.0
Chukchi,1980,2,830271.256,1.0
Chukchi,1980,3,830271.256,1.0
Chukchi,1980,4,830271.256,1.0
Chukchi,1980,5,829980.265,1.0
Chukchi,1980,6,795494.568,0.958
Chukchi,1980,7,604489.142,0.728
Chukchi,1980,8,472488.957,0.569
Chukchi,1980,9,506905.568,0.611
Chukchi,1980,10,596969.769,0.719
Chukchi,1980,11,752332.875,0.906
Chukchi,1980,12,829783.687,0.999
Chukchi,1981,1,830271.256,1.0
Chukchi,1981,2,830271.256,1.0
Chukchi,1981,3,830271.256,1.0
Chukchi,1981,4,830271.256,1.0
Chukchi,1981,5,826790.271,0.996
Chukchi,1981,6,723076.839,0.871
Chukchi,1981,7,634787.091,0.765
Chukchi,1981,8,542583.116,0.654
Chukchi,1981,9,489316.617,0.589
Chukchi,1981,10,570384.564,0.687
Chukchi,1981,11,794989.461,0.958
Chukchi,1981,12,830271.256,1.0
Chukchi,1982,1,830271.256,1.0
Chukchi,1982,2,830271.256,1.0
Chukchi,1982,3,830271.256,1.0
Chukchi,1982,4,830271.256,1.0
Chukchi,1982,5,829161.551,0.999
Chukchi,1982,6,751329.451,0.905
Chukchi,1982,7,594917.674,0.717
Chukchi,1982,8,494383.318,0.595
Chukchi,1982,9,421360.254,0.507
Chukchi,1982,10,551532.778,0.664
Chukchi,1982,11,773794.262,0.932
Chukchi,1982,12,830027.158,1.0
Chukchi,1983,1,830271.256,1.0
Chukchi,1983,2,830271.256,1.0
Chukchi,1983,3,830271.256,1.0
Chukchi,1983,4,830271.256,1.0
Chukchi,1983,5,829261.579,0.999
Chukchi,1983,6,814716.531,0.981
Chukchi,1983,7,716789.992,0.863
Chukchi,1983,8,568335.458,0.685
Chukchi,1983,9,600991.063,0.724
Chukchi,1983,10,690568.452,0.832
Chukchi,1983,11,824027.198,0.992
Chukchi,1983,12,827746.632,0.997
Chukchi,1984,1,830271.256,1.0
Chukchi,1984,2,830271.256,1.0
Chukchi,1984,3,830271.256,1.0
Chukchi,1984,4,830271.256,1.0
Chukchi,1984,5,828674.262,0.998
Chukchi,1984,6,771953.406,0.93
Chukchi,1984,7,639787.885,0.771
Chukchi,1984,8,496704.389,0.598
Chukchi,1984,9,404113.332,0.487
Chukchi,1984,10,483515.817,0.582
Chukchi,1984,11,696746.215,0.839
Chukchi,1984,12,830155.416,1.0
Chukchi,1985,1,830271.256,1.0
Chukchi,1985,2,830271.256,1.0
Chukchi,1985,3,830271.256,1.0
Chukchi,1985,4,830271.256,1.0
Chukchi,1985,5,830271.256,1.0
Chukchi,1985,6,821347.3,0.989
Chukchi,1985,7,687460.094,0.828
Chukchi,1985,8,524282.665,0.631
Chukchi,1985,9,490673.708,0.591
Chukchi,1985,10,628596.319,0.757
Chukchi,1985,11,805543.205,0.97
Chukchi,1985,12,827821.234,0.997
Chukchi,1986,1,830271.256,1.0
Chukchi,1986,2,830271.256,1.0
Chukchi,1986,3,830271.256,1.0
Chukchi,1986,4,830271.256,1.0
Chukchi,1986,5,815943.015,0.983
Chukchi,1986,6,677344.349,0.816
Chukchi,1986,7,531333.501,0.64
Chukchi,1986,8,397858.932,0.479
Chukchi,1986,9,361453.771,0.435
Chukchi,1986,10,572086.824,0.689
Chukchi,1986,11,675316.016,0.813
Chukchi,1986,12,830233.201,1.0
Chukchi,1987,1,830271.256,1.0
Chukchi,1987,2,830271.256,1.0
Chukchi,1987,3,830271.256,1.0
Chukchi,1987,4,830271.256,1.0
Chukchi,1987,5,829866.208,1.0
Chukchi,1987,6,777311.029,0.936
Chukchi,1987,7,648170.636,0.781
Chukchi,1987,8,442490.921,0.533
Chukchi,1987,9,468233.042,0.564
Chukchi,1987,10,521003.94,0.628
Chukchi,1987,11,736059.514,0.887
Chukchi,1988,2,830271.256,1.0
Chukchi,1988,3,830271.256,1.0
Chukchi,1988,4,830271.256,1.0
Chukchi,1988,5,828541.037,0.998
Chukchi,1988,6,811465.403,0.977
Chukchi,1988,7,695907.735,0.838
Chukchi,1988,8,582670.168,0.702
Chukchi,1988,9,585884.552,0.706
Chukchi,1988,10,637354.322,0.768
Chukchi,1988,11,777104.687,0.936
Chukchi,1988,12,830271.256,1.0
Chukchi,1989,1,830271.256,1.0
Chukchi,1989,2,829940.73,1.0
Chukchi,1989,3,830211.855,1.0
Chukchi,1989,4,830086.182,1.0
Chukchi,1989,5,827830.422,0.997
Chukchi,1989,6,719682.247,0.867
Chukchi,1989,7,562406.661,0.677
Chukchi,1989,8,429571.62,0.517
Chukchi,1989,9,375303.812,0.452
Chukchi,1989,10,458890.443,0.553
Chukchi,1989,11,711499.53,0.857
Chukchi,1989,12,830068.634,1.0
Chukchi,1990,1,830271.256,1.0
Chukchi,1990,2,830271.256,1.0
Chukchi,1990,3,830271.256,1.0
Chukchi,1990,4,830271.256,1.0
Chukchi,1990,5,827614.617,0.997
Chukchi,1990,6,743357.783,0.895
Chukchi,1990,7,552440.844,0.665
Chukchi,1990,8,350328.842,0.422
Chukchi,1990,9,319286.291,0.385
Chukchi,1990,10,385547.871,0.464
Chukchi,1990,11,669859.689,0.807
Chukchi,1990,12,830251.655,1.0
Chukchi,1991,1,830271.256,1.0
Chukchi,1991,2,830248.335,1.0
Chukchi,1991,3,830271.256,1.0
Chukchi,1991,4,830271.256,1.0
Chukchi,1991,5,826067.777,0.995
Chukchi,1991,6,752354.285,0.906
Chukchi,1991,7,587458.35,0.708
Chukchi,1991,8,517422.852,0.623
Chukchi,1991,9,437913.923,0.527
Chukchi,1991,10,444985.382,0.536
Chukchi,1991,11,582008.746,0.701
Chukchi,1991,12,818651.627,0.986
Chukchi,1992,1,830250.983,1.0
Chukchi,1992,2,830271.256,1.0
Chukchi,1992,3,830250.513,1.0
Chukchi,1992,4,830271.256,1.0
Chukchi,1992,5,817684.777,0.985
Chukchi,1992,6,743586.77,0.896
Chukchi,1992,7,576634.751,0.695
Chukchi,1992,8,467889.435,0.564
Chukchi,1992,9,501605.567,0.604
Chukchi,1992,10,558446.677,0.673
Chukchi,1992,11,731091.211,0.881
Chukchi,1992,12,830271.256,1.0
Chukchi,1993,1,830271.256,1.0
Chukchi,1993,2,830271.256,1.0
Chukchi,1993,3,830271.256,1.0
Chukchi,1993,4,830271.256,1.0
Chukchi,1993,5,812708.013,0.979
Chukchi,1993,6,692149.905,0.834
Chukchi,1993,7,522594.856,0.629
Chukchi,1993,8,317684.617,0.383
Chukchi,1993,9,230513.802,0.278
Chukchi,1993,10,427477.814,0.515
Chukchi,1993,11,629304.016,0.758
Chukchi,1993,12,830190.236,1.0
Chukchi,1994,1,830271.256,1.0
Chukchi,1994,2,830271.256,1.0
Chukchi,1994,3,830271.256,1.0
Chukchi,1994,4,830271.256,1.0
Chukchi,1994,5,829582.685,0.999
Chukchi,1994,6,796525.401,0.959
Chukchi,1994,7,688348.811,0.829
Chukchi,1994,8,535124.706,0.645
Chukchi,1994,9,527528.219,0.635
Chukchi,1994,10,672067.493,0.809
Chukchi,1994,11,806077.892,0.971
Chukchi,1994,12,830271.256,1.0
Chukchi,1995,1,830271.256,1.0
Chukchi,1995,2,830271.256,1.0
Chukchi,1995,3,830271.256,1.0
Chukchi,1995,4,830271.256,1.0
Chukchi,1995,5,822371.482,0.99
Chukchi,1995,6,754083.465,0.908
Chukchi,1995,7,608026.499,0.732
Chukchi,1995,8,480333.394,0.579
Chukchi,1995,9,410419.134,0.494
Chukchi,1995,10,432024.14,0.52
Chukchi,1995,11,548463.071,0.661
Chukchi,1995,12,816053.259,0.983
Chukchi,1996,1,830230.929,1.0
Chukchi,1996,2,830271.256,1.0
Chukchi,1996,3,830251.508,1.0
Chukchi,1996,4,830271.256,1.0
Chukchi,1996,5,802443.461,0.966
Chukchi,1996,6,661454.743,0.797
Chukchi,1996,7,529456.776,0.638
Chukchi,1996,8,405765.143,0.489
Chukchi,1996,9,369134.797,0.445
Chukchi,1996,10,495229.309,0.596
Chukchi,1996,11,554616.985,0.668
Chukchi,1996,12,826341.92,0.995
Chukchi,1997,1,830271.256,1.0
Chukchi,1997,2,830271.256,1.0
Chukchi,1997,3,830271.256,1.0
Chukchi,1997,4,830251.002,1.0
Chukchi,1997,5,799064.913,0.962
Chukchi,1997,6,670235.879,0.807
Chukchi,1997,7,503442.416,0.606
Chukchi,1997,8,382937.174,0.461
Chukchi,1997,9,279711.128,0.337
Chukchi,1997,10,286377.334,0.345
Chukchi,1997,11,448070.071,0.54
Chukchi,1997,12,818550.716,0.986
Chukchi,1998,1,830271.256,1.0
Chukchi,1998,2,830271.256,1.0
Chukchi,1998,3,830271.256,1.0
Chukchi,1998,4,830271.256,1.0
Chukchi,1998,5,829346.369,0.999
Chukchi,1998,6,801823.364,0.966
Chukchi,1998,7,623441.563,0.751
Chukchi,1998,8,407610.273,0.491
Chukchi,1998,9,177868.903,0.214
Chukchi,1998,10,276126.974,0.333
Chukchi,1998,11,570777.938,0.687
Chukchi,1998,12,829434.756,0.999
Chukchi,1999,1,830251.572,1.0
Chukchi,1999,2,830271.256,1.0
Chukchi,1999,3,830271.256,1.0
Chukchi,1999,4,830271.256,1.0
Chukchi,1999,5,829185.708,0.999
Chukchi,1999,6,794762.779,0.957
Chukchi,1999,7,617393.767,0.744
Chukchi,1999,8,345649.511,0.416
Chukchi,1999,9,218604.6,0.263
Chukchi,1999,10,386717.815,0.466
Chukchi,1999,11,757736.817,0.913
Chukchi,1999,12,830271.256,1.0
Chukchi,2000,1,830271.256,1.0
Chukchi,2000,2,830271.256,1.0
Chukchi,2000,3,830271.256,1.0
Chukchi,2000,4,830271.256,1.0
Chukchi,2000,5,828776.121,0.998
Chukchi,2000,6,789811.626,0.951
Chukchi,2000,7,633217.468,0.763
Chukchi,2000,8,506854.513,0.61
Chukchi,2000,9,342758.115,0.413
Chukchi,2000,10,550394.925,0.663
Chukchi,2000,11,727312.683,0.876
Chukchi,2000,12,826552.924,0.996
Chukchi,2001,1,830271.256,1.0
Chukchi,2001,2,830271.256,1.0
Chukchi,2001,3,830271.256,1.0
Chukchi,2001,4,830271.256,1.0
Chukchi,2001,5,825419.199,0.994
Chukchi,2001,6,735840.852,0.886
Chukchi,2001,7,568444.994,0.685
Chukchi,2001,8,496752.917,0.598
Chukchi,2001,9,403426.115,0.486
Chukchi,2001,10,581825.897,0.701
Chukchi,2001,11,808704.47,0.974
Chukchi,2001,12,830271.256,1.0
Chukchi,2002,1,830271.256,1.0
Chukchi,2002,2,830271.256,1.0
Chukchi,2002,3,830271.256,1.0
Chukchi,2002,4,830271.256,1.0
Chukchi,2002,5,804011.705,0.968
Chukchi,2002,6,646212.059,0.778
Chukchi,2002,7,568405.697,0.685
Chukchi,2002,8,307048.44,0.37
Chukchi,2002,9,174862.153,0.211
Chukchi,2002,10,329201.468,0.396
Chukchi,2002,11,626317.327,0.754
Chukchi,2002,12,812964.695,0.979
Chukchi,2003,1,830271.256,1.0
Chukchi,2003,2,830271.256,1.0
Chukchi,2003,3,830271.256,1.0
Chukchi,2003,4,830271.256,1.0
Chukchi,2003,5,788777.92,0.95
Chukchi,2003,6,633350.226,0.763
Chukchi,2003,7,494708.108,0.596
Chukchi,2003,8,292770.26,0.353
Chukchi,2003,9,171492.456,0.207
Chukchi,2003,10,318880.327,0.384
Chukchi,2003,11,572047.394,0.689
Chukchi,2003,12,830191.091,1.0
Chukchi,2004,1,830231.914,1.0
Chukchi,2004,2,830271.256,1.0
Chukchi,2004,3,830271.256,1.0
Chukchi,2004,4,830271.256,1.0
Chukchi,2004,5,808997.025,0.974
Chukchi,2004,6,684122.734,0.824
Chukchi,2004,7,544570.362,0.656
Chukchi,2004,8,213094.702,0.257
Chukchi,2004,9,140685.646,0.169
Chukchi,2004,10,252458.014,0.304
Chukchi,2004,11,597327.922,0.719
Chukchi,2004,12,817952.865,0.985
Chukchi,2005,1,830271.256,1.0
Chukchi,2005,2,830271.256,1.0
Chukchi,2005,3,830271.256,1.0
Chukchi,2005,4,830230.493,1.0
Chukchi,2005,5,822452.379,0.991
Chukchi,2005,6,663779.461,0.799
Chukchi,2005,7,532722.11,0.642
Chukchi,2005,8,307953.99,0.371
Chukchi,2005,9,235048.285,0.283
Chukchi,2005,10,273845.311,0.33
Chukchi,2005,11,580361.091,0.699
Chukchi,2005,12,830110.616,1.0
Chukchi,2006,1,830192.179,1.0
Chukchi,2006,2,830249.534,1.0
Chukchi,2006,3,830271.256,1.0
Chukchi,2006,4,830271.256,1.0
Chukchi,2006,5,820166.579,0.988
Chukchi,2006,6,765101.396,0.922
Chukchi,2006,7,598973.949,0.721
Chukchi,2006,8,449696.663,0.542
Chukchi,2006,9,302418.464,0.364
Chukchi,2006,10,332070.757,0.4
Chukchi,2006,11,487657.663,0.587
Chukchi,2006,12,745101.495,0.897
Chukchi,2007,1,830271.256,1.0
Chukchi,2007,2,830271.256,1.0
Chukchi,2007,3,830251.663,1.0
Chukchi,2007,4,830271.256,1.0
Chukchi,2007,5,817211.524,0.984
Chukchi,2007,6,651767.753,0.785
Chukchi,2007,7,412572.281,0.497
Chukchi,2007,8,140263.358,0.169
Chukchi,2007,9,10905.095,0.013
Chukchi,2007,10,100314.387,0.121
Chukchi,2007,11,437648.921,0.527
Chukchi,2007,12,697330.959,0.84
Chukchi,2008,1,830271.256,1.0
Chukchi,2008,2,830271.256,1.0
Chukchi,2008,3,830271.256,1.0
Chukchi,2008,4,830271.256,1.0
Chukchi,2008,5,813837.381,0.98
Chukchi,2008,6,752962.689,0.907
Chukchi,2008,7,502729.655,0.606
Chukchi,2008,8,182837.425,0.22
Chukchi,2008,9,13886.307,0.017
Chukchi,2008,10,243800.14,0.294
Chukchi,2008,11,646975.906,0.779
Chukchi,2008,12,830271.256,1.0
Chukchi,2009,1,830271.256,1.0
Chukchi,2009,2,830271.256,1.0
Chukchi,2009,3,830271.256,1.0
Chukchi,2009,4,830271.256,1.0
Chukchi,2009,5,803419.844,0.968
Chukchi,2009,6,684184.28,0.824
Chukchi,2009,7,441874.958,0.532
Chukchi,2009,8,158467.22,0.191
Chukchi,2009,9,68777.373,0.083
Chukchi,2009,10,187343.813,0.226
Chukchi,2009,11,567789.686,0.684
Chukchi,2009,12,830271.256,1.0
Chukchi,2010,1,830271.256,1.0
Chukchi,2010,2,830271.256,1.0
Chukchi,2010,3,830271.256,1.0
Chukchi,2010,4,830271.256,1.0
Chukchi,2010,5,813998.923,0.98
Chukchi,2010,6,709950.929,0.855
Chukchi,2010,7,539458.835,0.65
Chukchi,2010,8,227650.796,0.274
Chukchi,2010,9,30460.549,0.037
Chukchi,2010,10,238497.661,0.287
Chukchi,2010,11,568235.442,0.684
Chukchi,2010,12,806813.656,0.972
Chukchi,2011,1,830271.256,1.0
Chukchi,2011,2,830271.256,1.0
Chukchi,2011,3,830271.256,1.0
Chukchi,2011,4,830271.256,1.0
Chukchi,2011,5,808591.675,0.974
Chukchi,2011,6,619810.772,0.747
Chukchi,2011,7,416089.512,0.501
Chukchi,2011,8,147097.956,0.177
Chukchi,2011,9,43348.593,0.052
Chukchi,2011,10,184484.876,0.222
Chukchi,2011,11,525955.931,0.633
Chukchi,2011,12,830271.256,1.0
Chukchi,2012,1,830271.256,1.0
Chukchi,2012,2,830271.256,1.0
Chukchi,2012,3,830271.256,1.0
Chukchi,2012,4,830271.256,1.0
Chukchi,2012,5,828178.744,0.997
Chukchi,2012,6,749098.084,0.902
Chukchi,2012,7,593173.694,0.714
Chukchi,2012,8,138506.878,0.167
Chukchi,2012,9,3463.569,0.004
Chukchi,2012,10,217017.406,0.261
Chukchi,2012,11,723320.262,0.871
Chukchi,2012,12,830192.823,1.0
Chukchi,2013,1,830271.256,1.0
Chukchi,2013,2,830271.256,1.0
Chukchi,2013,3,830271.256,1.0
Chukchi,2013,4,830271.256,1.0
Chukchi,2013,5,824568.054,0.993
Chukchi,2013,6,745764.497,0.898
Chukchi,2013,7,492218.525,0.593
Chukchi,2013,8,256920.437,0.309
Chukchi,2013,9,211466.609,0.255
Chukchi,2013,10,365917.898,0.441
Chukchi,2013,11,612949.73,0.738
Chukchi,2013,12,778501.851,0.938
Chukchi,2014,1,830271.256,1.0
Chukchi,2014,2,830271.256,1.0
Chukchi,2014,3,830271.256,1.0
Chukchi,2014,4,830271.256,1.0
Chukchi,2014,5,801241.2,0.965
Chukchi,2014,6,684011.113,0.824
Chukchi,2014,7,528395.576,0.636
Chukchi,2014,8,279486.848,0.337
Chukchi,2014,9,137598.006,0.166
Chukchi,2014,10,297221.705,0.358
Chukchi,2014,11,482263.76,0.581
Chukchi,2014,12,764570.228,0.921
Chukchi,2015,1,830251.655,1.0
Chukchi,2015,2,830271.256,1.0
Chukchi,2015,3,830271.256,1.0
Chukchi,2015,4,830271.256,1.0
Chukchi,2015,5,800070.537,0.964
Chukchi,2015,6,619424.512,0.746
Chukchi,2015,7,391826.203,0.472
Chukchi,2015,8,190462.636,0.229
Chukchi,2015,9,115851.51,0.14
Chukchi,2015,10,324107.798,0.39
Chukchi,2015,11,518107.122,0.624
Chukchi,2015,12,813586.463,0.98
Chukchi,2016,1,830271.256,1.0
Chukchi,2016,2,830271.256,1.0
Chukchi,2016,3,830271.256,1.0
Chukchi,2016,4,830271.256,1.0
Chukchi,2016,5,793963.986,0.956
Chukchi,2016,6,688991.47,0.83
Chukchi,2016,7,518015.654,0.624
Chukchi,2016,8,249829.297,0.301
Chukchi,2016,9,86152.303,0.104
Chukchi,2016,10,168664.959,0.203
Chukchi,2016,11,427056.005,0.514
Chukchi,2016,12,714631.034,0.861
Chukchi,2017,1,824851.616,0.993
Chukchi,2017,2,830271.256,1.0
Chukchi,2017,3,830271.256,1.0
Chukchi,2017,4,829967.404,1.0
Chukchi,2017,5,751496.072,0.905
Chukchi,2017,6,574061.288,0.691
Chukchi,2017,7,367114.887,0.442
Chukchi,2017,8,104729.578,0.126
Chukchi,2017,9,44679.091,0.054
Chukchi,2017,10,141135.189,0.17
Chukchi,2017,11,322847.093,0.389
Chukchi,2017,12,685936.511,0.826
Chukchi,2018,1,829287.419,0.999
Chukchi,2018,2,827403.286,0.997
Chukchi,2018,3,830271.256,1.0
Chukchi,2018,4,823186.421,0.991
Chukchi,2018,5,719336.415,0.866
Chukchi,2018,6,625756.48,0.754
Chukchi,2018,7,460586.011,0.555
Chukchi,2018,8,189620.021,0.228
Chukchi,2018,9,52616.728,0.063
Chukchi,2018,10,149652.503,0.18
Chukchi,2018,11,433766.62,0.522
Chukchi,2018,12,766165.41,0.923
Chukchi,2019,1,830271.256,1.0
Chukchi,2019,2,830271.256,1.0
Chukchi,2019,3,829087.632,0.999
Chukchi,2019,4,829496.002,0.999
Chukchi,2019,5,706110.292,0.85
Chukchi,2019,6,567119.38,0.683
Chukchi,2019,7,302852.353,0.365
Chukchi,2019,8,68014.754,0.082
Chukchi,2019,9,36843.315,0.044
Chukchi,2019,10,62565.559,0.075
Chukchi,2019,11,243500.429,0.293
Chukchi,2019,12,701241.366,0.845
Chukchi,2020,1,830271.256,1.0
Chukchi,2020,2,830271.256,1.0
Chukchi,2020,3,830251.41,1.0
Chukchi,2020,4,830271.256,1.0
Chukchi,2020,5,809226.361,0.975
Chukchi,2020,6,670559.807,0.808
Chukchi,2020,7,454094.051,0.547
Chukchi,2020,8,166572.838,0.201
Chukchi,2020,9,7025.352,0.008
Chukchi,2020,10,141180.856,0.17
Chukchi,2020,11,402204.376,0.484
Chukchi,2020,12,748557.873,0.902
Chukchi,2021,1,830271.256,1.0
Chukchi,2021,2,830271.256,1.0
Chukchi,2021,3,830271.256,1.0
Chukchi,2021,4,830271.256,1.0
Chukchi,2021,5,817840.334,0.985
Chukchi,2021,6,704784.547,0.849
Chukchi,2021,7,540050.997,0.65
Chukchi,2021,8,380826.757,0.459
Chukchi,2021,9,280898.698,0.338
Chukchi,2021,10,417927.888,0.503
Chukchi,2021,11,727292.712,0.876
Chukchi,2021,12,830190.939,1.0
Chukchi,2022,1,830271.256,1.0
Chukchi,2022,2,830271.256,1.0
Chukchi,2022,3,830271.256,1.0
Chukchi,2022,4,830271.256,1.0
Chukchi,2022,5,812379.021,0.978
Chukchi,2022,6,672563.842,0.81
Chukchi,2022,7,468969.521,0.565
Chukchi,2022,8,197805.812,0.238
Chukchi,2022,9,41333.839,0.05
Chukchi,2022,10,184445.572,0.222
Chukchi,2022,11,474427.039,0.571
Chukchi,2022,12,773109.025,0.931
Chukchi,2023,1,830271.256,1.0
Chukchi,2023,2,830271.256,1.0
Chukchi,2023,3,830271.256,1.0
Chukchi,2023,4,830271.256,1.0
Chukchi,2023,5,825681.058,0.994
Chukchi,2023,6,749544.105,0.903
Chukchi,2023,7,547859.176,0.66
Chukchi,2023,8,163253.161,0.197
Chukchi,2023,9,31880.308,0.038
Chukchi,2023,10,227671.654,0.274
Chukchi,2023,11,492061.641,0.593
Chukchi,2023,12,766507.803,0.923
Chukchi,2024,1,830271.256,1.0
Chukchi,2024,2,830271.256,1.0
Chukchi,2024,3,830271.256,1.0
Chukchi,2024,4,830271.256,1.0
Chukchi,2024,5,824036.638,0.992
Chukchi,2024,6,770916.736,0.929
Chukchi,2024,7,600538.998,0.723
Chukchi,2024,8,318919.565,0.384
Chukchi,2024,9,186051.28,0.224
Chukchi,2024,10,275617.689,0.332
Chukchi,2024,11,633563.532,0.763
Chukchi,2024,12,824682.883,0.993
Chukchi,2025,1,830271.256,1.0
Chukchi,2025,2,830271.256,1.0
Chukchi,2025,3,830271.256,1.0
Chukchi,2025,4,830251.002,1.0
Chukchi,2025,5,826644.893,0.996
Chukchi,2025,6,757854.874,0.913
Chukchi,2025,7,535347.988,0.645
Chukchi,2025,8,192107.492,0.231
Chukchi,2025,9,128336.623,0.155
Chukchi,2025,10,394336.769,0.475
Chukchi,2025,11,622087.585,0.749
Chukchi,2025,12,829657.035,0.999
Chukchi,2026,1,830271.256,1.0
Chukchi,2026,2,830271.256,1.0
Chukchi,2026,3,830271.256,1.0
Chukchi,2026,4,830271.256,1.0
Chukchi,2026,5,811513.556,0.977
Chukchi,2026,6,746914.526,0.9
Chukchi,2026,7,636149.771,0.766
Chukchi,2026,8,301632.608,0.363
East-Siberian,1978,11,1297663.116,0.995
East-Siberian,1978,12,1303711.475,1.0
East-Siberian,1979,1,1303711.475,1.0
East-Siberian,1979,2,1303711.475,1.0
East-Siberian,1979,3,1303711.475,1.0
East-Siberian,1979,4,1303711.475,1.0
East-Siberian,1979,5,1303067.999,1.0
East-Siberian,1979,6,1301380.461,0.998
East-Siberian,1979,7,1298781.016,0.996
East-Siberian,1979,8,1229206.807,0.943
East-Siberian,1979,9,1198049.707,0.919
East-Siberian,1979,10,1267656.479,0.972
East-Siberian,1979,11,1303542.942,1.0
East-Siberian,1979,12,1303669.483,1.0
East-Siberian,1980,1,1303711.475,1.0
East-Siberian,1980,2,1303711.475,1.0
East-Siberian,1980,3,1303711.475,1.0
East-Siberian,1980,4,1303711.475,1.0
East-Siberian,1980,5,1303668.51,1.0
East-Siberian,1980,6,1294736.34,0.993
East-Siberian,1980,7,1279619.033,0.982
East-Siberian,1980,8,1149508.502,0.882
East-Siberian,1980,9,1090414.684,0.836
East-Siberian,1980,10,1269087.631,0.973
East-Siberian,1980,11,1303711.475,1.0
East-Siberian,1980,12,1303711.475,1.0
East-Siberian,1981,1,1303711.475,1.0
East-Siberian,1981,2,1303711.475,1.0
East-Siberian,1981,3,1303711.475,1.0
East-Siberian,1981,4,1303711.475,1.0
East-Siberian,1981,5,1302311.711,0.999
East-Siberian,1981,6,1299110.162,0.996
East-Siberian,1981,7,1239639.759,0.951
East-Siberian,1981,8,1009481.226,0.774
East-Siberian,1981,9,930389.602,0.714
East-Siberian,1981,10,1224919.672,0.94
East-Siberian,1981,11,1303130.099,1.0
East-Siberian,1981,12,1303711.475,1.0
East-Siberian,1982,1,1303711.475,1.0
East-Siberian,1982,2,1303711.475,1.0
East-Siberian,1982,3,1303711.475,1.0
East-Siberian,1982,4,1303668.458,1.0
East-Siberian,1982,5,1303368.955,1.0
East-Siberian,1982,6,1293063.199,0.992
East-Siberian,1982,7,1293233.588,0.992
East-Siberian,1982,8,1197767.79,0.919
East-Siberian,1982,9,1030132.905,0.79
East-Siberian,1982,10,1241420.023,0.952
East-Siberian,1982,11,1302257.7,0.999
East-Siberian,1982,12,1303711.475,1.0
East-Siberian,1983,1,1303711.475,1.0
East-Siberian,1983,2,1303711.475,1.0
East-Siberian,1983,3,1303711.475,1.0
East-Siberian,1983,4,1303711.475,1.0
East-Siberian,1983,5,1302584.622,0.999
East-Siberian,1983,6,1301507.212,0.998
East-Siberian,1983,7,1289228.261,0.989
East-Siberian,1983,8,1170682.158,0.898
East-Siberian,1983,9,1077926.761,0.827
East-Siberian,1983,10,1301064.553,0.998
East-Siberian,1983,11,1303711.475,1.0
East-Siberian,1983,12,1303711.475,1.0
East-Siberian,1984,1,1303711.475,1.0
East-Siberian,1984,2,1303711.475,1.0
East-Siberian,1984,3,1303711.475,1.0
East-Siberian,1984,4,1303711.475,1.0
East-Siberian,1984,5,1303711.475,1.0
East-Siberian,1984,6,1301221.739,0.998
East-Siberian,1984,7,1295881.094,0.994
East-Siberian,1984,8,1193336.046,0.915
East-Siberian,1984,9,1078289.272,0.827
East-Siberian,1984,10,1263375.271,0.969
East-Siberian,1984,11,1299003.459,0.996
East-Siberian,1984,12,1303711.475,1.0
East-Siberian,1985,1,1303711.475,1.0
East-Siberian,1985,2,1303711.475,1.0
East-Siberian,1985,3,1303711.475,1.0
East-Siberian,1985,4,1303711.475,1.0
East-Siberian,1985,5,1303711.475,1.0
East-Siberian,1985,6,1301628.569,0.998
East-Siberian,1985,7,1277328.727,0.98
East-Siberian,1985,8,1183087.522,0.907
East-Siberian,1985,9,1136506.84,0.872
East-Siberian,1985,10,1295486.793,0.994
East-Siberian,1985,11,1303668.964,1.0
East-Siberian,1985,12,1303669.397,1.0
East-Siberian,1986,1,1303711.475,1.0
East-Siberian,1986,2,1303711.475,1.0
East-Siberian,1986,3,1303711.475,1.0
East-Siberian,1986,4,1303711.475,1.0
East-Siberian,1986,5,1303268.604,1.0
East-Siberian,1986,6,1280144.183,0.982
East-Siberian,1986,7,1232062.517,0.945
East-Siberian,1986,8,1094495.823,0.84
East-Siberian,1986,9,1140265.588,0.875
East-Siberian,1986,10,1298798.14,0.996
East-Siberian,1986,11,1303711.475,1.0
East-Siberian,1986,12,1303711.475,1.0
East-Siberian,1987,1,1303711.475,1.0
East-Siberian,1987,2,1303711.475,1.0
East-Siberian,1987,3,1303711.475,1.0
East-Siberian,1987,4,1303711.475,1.0
East-Siberian,1987,5,1303711.475,1.0
East-Siberian,1987,6,1299792.81,0.997
East-Siberian,1987,7,1267407.581,0.972
East-Siberian,1987,8,977897.811,0.75
East-Siberian,1987,9,1067918.688,0.819
East-Siberian,1987,10,1283297.466,0.984
East-Siberian,1987,11,1303711.475,1.0
East-Siberian,1988,2,1303711.475,1.0
East-Siberian,1988,3,1303711.475,1.0
East-Siberian,1988,4,1303711.475,1.0
East-Siberian,1988,5,1303711.475,1.0
East-Siberian,1988,6,1303500.475,1.0
East-Siberian,1988,7,1277632.318,0.98
East-Siberian,1988,8,1121362.79,0.86
East-Siberian,1988,9,1003619.789,0.77
East-Siberian,1988,10,1244646.241,0.955
East-Siberian,1988,11,1303711.475,1.0
East-Siberian,1988,12,1303691.097,1.0
East-Siberian,1989,1,1303711.475,1.0
East-Siberian,1989,2,1303688.969,1.0
East-Siberian,1989,3,1303711.475,1.0
East-Siberian,1989,4,1303711.475,1.0
East-Siberian,1989,5,1303711.475,1.0
East-Siberian,1989,6,1300732.027,0.998
East-Siberian,1989,7,1182203.207,0.907
East-Siberian,1989,8,823231.113,0.631
East-Siberian,1989,9,630223.787,0.483
East-Siberian,1989,10,1083566.782,0.831
East-Siberian,1989,11,1303690.708,1.0
East-Siberian,1989,12,1303691.378,1.0
East-Siberian,1990,1,1303690.946,1.0
East-Siberian,1990,2,1303711.475,1.0
East-Siberian,1990,3,1303670.032,1.0
East-Siberian,1990,4,1303711.475,1.0
East-Siberian,1990,5,1233828.408,0.946
East-Siberian,1990,6,1118197.717,0.858
East-Siberian,1990,7,884493.784,0.678
East-Siberian,1990,8,453581.516,0.348
East-Siberian,1990,9,444878.031,0.341
East-Siberian,1990,10,981438.19,0.753
East-Siberian,1990,11,1302272.181,0.999
East-Siberian,1990,12,1303711.475,1.0
East-Siberian,1991,1,1303711.475,1.0
East-Siberian,1991,2,1303711.475,1.0
East-Siberian,1991,3,1303711.475,1.0
East-Siberian,1991,4,1303711.475,1.0
East-Siberian,1991,5,1301150.506,0.998
East-Siberian,1991,6,1291724.71,0.991
East-Siberian,1991,7,1174331.932,0.901
East-Siberian,1991,8,820922.186,0.63
East-Siberian,1991,9,642414.537,0.493
East-Siberian,1991,10,1087286.682,0.834
East-Siberian,1991,11,1299372.587,0.997
East-Siberian,1991,12,1303690.852,1.0
East-Siberian,1992,1,1303711.475,1.0
East-Siberian,1992,2,1303711.475,1.0
East-Siberian,1992,3,1303691.247,1.0
East-Siberian,1992,4,1303711.475,1.0
East-Siberian,1992,5,1303711.475,1.0
East-Siberian,1992,6,1302176.554,0.999
East-Siberian,1992,7,1100284.288,0.844
East-Siberian,1992,8,810551.866,0.622
East-Siberian,1992,9,847736.524,0.65
East-Siberian,1992,10,1218261.988,0.934
East-Siberian,1992,11,1303711.475,1.0
East-Siberian,1992,12,1303711.475,1.0
East-Siberian,1993,1,1303690.988,1.0
East-Siberian,1993,2,1303711.475,1.0
East-Siberian,1993,3,1303690.721,1.0
East-Siberian,1993,4,1303711.475,1.0
East-Siberian,1993,5,1301323.351,0.998
East-Siberian,1993,6,1298978.477,0.996
East-Siberian,1993,7,1059609.518,0.813
East-Siberian,1993,8,694746.791,0.533
East-Siberian,1993,9,566611.049,0.435
East-Siberian,1993,10,1188181.031,0.911
East-Siberian,1993,11,1301703.621,0.998
East-Siberian,1993,12,1303670.652,1.0
East-Siberian,1994,1,1303690.765,1.0
East-Siberian,1994,2,1303711.475,1.0
East-Siberian,1994,3,1303711.475,1.0
East-Siberian,1994,4,1303711.475,1.0
East-Siberian,1994,5,1303711.475,1.0
East-Siberian,1994,6,1303369.162,1.0
East-Siberian,1994,7,1300893.308,0.998
East-Siberian,1994,8,1161624.863,0.891
East-Siberian,1994,9,1062017.025,0.815
East-Siberian,1994,10,1287786.5,0.988
East-Siberian,1994,11,1303711.475,1.0
East-Siberian,1994,12,1303711.475,1.0
East-Siberian,1995,1,1303711.475,1.0
East-Siberian,1995,2,1303711.475,1.0
East-Siberian,1995,3,1303711.475,1.0
East-Siberian,1995,4,1303690.085,1.0
East-Siberian,1995,5,1303691.215,1.0
East-Siberian,1995,6,1299495.003,0.997
East-Siberian,1995,7,1260462.075,0.967
East-Siberian,1995,8,907452.229,0.696
East-Siberian,1995,9,711936.236,0.546
East-Siberian,1995,10,1041787.36,0.799
East-Siberian,1995,11,1287773.02,0.988
East-Siberian,1995,12,1303711.475,1.0
East-Siberian,1996,1,1303711.475,1.0
East-Siberian,1996,2,1303711.475,1.0
East-Siberian,1996,3,1303711.475,1.0
East-Siberian,1996,4,1303711.475,1.0
East-Siberian,1996,5,1303711.475,1.0
East-Siberian,1996,6,1303711.475,1.0
East-Siberian,1996,7,1297714.585,0.995
East-Siberian,1996,8,1222158.122,0.937
East-Siberian,1996,9,1138747.251,0.873
East-Siberian,1996,10,1262178.986,0.968
East-Siberian,1996,11,1300566.356,0.998
East-Siberian,1996,12,1303711.475,1.0
East-Siberian,1997,1,1303711.475,1.0
East-Siberian,1997,2,1303711.475,1.0
East-Siberian,1997,3,1303711.475,1.0
East-Siberian,1997,4,1303711.475,1.0
East-Siberian,1997,5,1303711.475,1.0
East-Siberian,1997,6,1303359.444,1.0
East-Siberian,1997,7,1253122.621,0.961
East-Siberian,1997,8,1044411.875,0.801
East-Siberian,1997,9,983538.992,0.754
East-Siberian,1997,10,1240454.347,0.951
East-Siberian,1997,11,1301165.641,0.998
East-Siberian,1997,12,1303711.475,1.0
East-Siberian,1998,1,1303711.475,1.0
East-Siberian,1998,2,1303711.475,1.0
East-Siberian,1998,3,1303711.475,1.0
East-Siberian,1998,4,1303711.475,1.0
East-Siberian,1998,5,1303711.475,1.0
East-Siberian,1998,6,1303711.475,1.0
East-Siberian,1998,7,1295723.687,0.994
East-Siberian,1998,8,1188844.53,0.912
East-Siberian,1998,9,1083834.875,0.831
East-Siberian,1998,10,1281378.921,0.983
East-Siberian,1998,11,1298276.052,0.996
East-Siberian,1998,12,1303711.475,1.0
East-Siberian,1999,1,1303690.564,1.0
East-Siberian,1999,2,1303711.475,1.0
East-Siberian,1999,3,1303711.475,1.0
East-Siberian,1999,4,1303711.475,1.0
East-Siberian,1999,5,1303711.475,1.0
East-Siberian,1999,6,1303711.475,1.0
East-Siberian,1999,7,1293421.403,0.992
East-Siberian,1999,8,1064457.526,0.816
East-Siberian,1999,9,891408.449,0.684
East-Siberian,1999,10,1200298.868,0.921
East-Siberian,1999,11,1303358.325,1.0
East-Siberian,1999,12,1303711.475,1.0
East-Siberian,2000,1,1303711.475,1.0
East-Siberian,2000,2,1303711.475,1.0
East-Siberian,2000,3,1303711.475,1.0
East-Siberian,2000,4,1303711.475,1.0
East-Siberian,2000,5,1303711.475,1.0
East-Siberian,2000,6,1303603.966,1.0
East-Siberian,2000,7,1228398.36,0.942
East-Siberian,2000,8,1039254.159,0.797
East-Siberian,2000,9,889845.298,0.683
East-Siberian,2000,10,1206939.345,0.926
East-Siberian,2000,11,1303649.073,1.0
East-Siberian,2000,12,1303711.475,1.0
East-Siberian,2001,1,1303711.475,1.0
East-Siberian,2001,2,1303711.475,1.0
East-Siberian,2001,3,1303711.475,1.0
East-Siberian,2001,4,1303711.475,1.0
East-Siberian,2001,5,1303711.475,1.0
East-Siberian,2001,6,1303711.475,1.0
East-Siberian,2001,7,1269330.147,0.974
East-Siberian,2001,8,1107958.664,0.85
East-Siberian,2001,9,1028859.477,0.789
East-Siberian,2001,10,1283578.382,0.985
East-Siberian,2001,11,1303711.475,1.0
East-Siberian,2001,12,1303711.475,1.0
East-Siberian,2002,1,1303711.475,1.0
East-Siberian,2002,2,1303711.475,1.0
East-Siberian,2002,3,1303711.475,1.0
East-Siberian,2002,4,1303711.475,1.0
East-Siberian,2002,5,1303711.475,1.0
East-Siberian,2002,6,1299013.987,0.996
East-Siberian,2002,7,1137351.819,0.872
East-Siberian,2002,8,735557.916,0.564
East-Siberian,2002,9,659374.069,0.506
East-Siberian,2002,10,998018.885,0.766
East-Siberian,2002,11,1300241.225,0.997
East-Siberian,2002,12,1303711.475,1.0
East-Siberian,2003,1,1303711.475,1.0
East-Siberian,2003,2,1303711.475,1.0
East-Siberian,2003,3,1303711.475,1.0
East-Siberian,2003,4,1303711.475,1.0
East-Siberian,2003,5,1303711.475,1.0
East-Siberian,2003,6,1302537.712,0.999
East-Siberian,2003,7,1201948.276,0.922
East-Siberian,2003,8,704018.915,0.54
East-Siberian,2003,9,484665.157,0.372
East-Siberian,2003,10,923618.421,0.708
East-Siberian,2003,11,1299439.297,0.997
East-Siberian,2003,12,1303711.475,1.0
East-Siberian,2004,1,1303711.475,1.0
East-Siberian,2004,2,1303711.475,1.0
East-Siberian,2004,3,1303711.475,1.0
East-Siberian,2004,4,1303711.475,1.0
East-Siberian,2004,5,1303711.475,1.0
East-Siberian,2004,6,1303625.726,1.0
East-Siberian,2004,7,1283272.685,0.984
East-Siberian,2004,8,906440.983,0.695
East-Siberian,2004,9,628170.832,0.482
East-Siberian,2004,10,1104317.298,0.847
East-Siberian,2004,11,1298030.834,0.996
East-Siberian,2004,12,1303468.327,1.0
East-Siberian,2005,1,1303711.475,1.0
East-Siberian,2005,2,1303711.475,1.0
East-Siberian,2005,3,1303690.871,1.0
East-Siberian,2005,4,1303711.475,1.0
East-Siberian,2005,5,1303610.528,1.0
East-Siberian,2005,6,1284031.512,0.985
East-Siberian,2005,7,1150413.15,0.882
East-Siberian,2005,8,639618.605,0.491
East-Siberian,2005,9,447112.392,0.343
East-Siberian,2005,10,664445.572,0.51
East-Siberian,2005,11,1288809.434,0.989
East-Siberian,2005,12,1303711.475,1.0
East-Siberian,2006,1,1303711.475,1.0
East-Siberian,2006,2,1303666.327,1.0
East-Siberian,2006,3,1303690.914,1.0
East-Siberian,2006,4,1303711.475,1.0
East-Siberian,2006,5,1303650.116,1.0
East-Siberian,2006,6,1303328.778,1.0
East-Siberian,2006,7,1230848.535,0.944
East-Siberian,2006,8,838949.719,0.644
East-Siberian,2006,9,530311.713,0.407
East-Siberian,2006,10,920226.752,0.706
East-Siberian,2006,11,1290619.642,0.99
East-Siberian,2006,12,1303609.707,1.0
East-Siberian,2007,1,1303711.475,1.0
East-Siberian,2007,2,1303711.475,1.0
East-Siberian,2007,3,1303711.475,1.0
East-Siberian,2007,4,1303711.475,1.0
East-Siberian,2007,5,1303399.302,1.0
East-Siberian,2007,6,1268031.069,0.973
East-Siberian,2007,7,880870.576,0.676
East-Siberian,2007,8,104082.562,0.08
East-Siberian,2007,9,5007.246,0.004
East-Siberian,2007,10,201043.355,0.154
East-Siberian,2007,11,1190426.777,0.913
East-Siberian,2007,12,1268989.527,0.973
East-Siberian,2008,1,1303711.475,1.0
East-Siberian,2008,2,1303711.475,1.0
East-Siberian,2008,3,1303711.475,1.0
East-Siberian,2008,4,1303711.475,1.0
East-Siberian,2008,5,1303711.475,1.0
East-Siberian,2008,6,1303626.224,1.0
East-Siberian,2008,7,1250151.136,0.959
East-Siberian,2008,8,646836.665,0.496
East-Siberian,2008,9,185305.271,0.142
East-Siberian,2008,10,862963.876,0.662
East-Siberian,2008,11,1303544.037,1.0
East-Siberian,2008,12,1303711.475,1.0
East-Siberian,2009,1,1303711.475,1.0
East-Siberian,2009,2,1303711.475,1.0
East-Siberian,2009,3,1303711.475,1.0
East-Siberian,2009,4,1303711.475,1.0
East-Siberian,2009,5,1303711.475,1.0
East-Siberian,2009,6,1301158.2,0.998
East-Siberian,2009,7,1116668.094,0.857
East-Siberian,2009,8,667817.346,0.512
East-Siberian,2009,9,473093.875,0.363
East-Siberian,2009,10,975127.914,0.748
East-Siberian,2009,11,1282916.158,0.984
East-Siberian,2009,12,1303711.475,1.0
East-Siberian,2010,1,1303711.475,1.0
East-Siberian,2010,2,1303711.475,1.0
East-Siberian,2010,3,1303711.475,1.0
East-Siberian,2010,4,1303711.475,1.0
East-Siberian,2010,5,1303690.642,1.0
East-Siberian,2010,6,1302434.919,0.999
East-Siberian,2010,7,1200895.816,0.921
East-Siberian,2010,8,789598.909,0.606
East-Siberian,2010,9,434994.33,0.334
East-Siberian,2010,10,859289.356,0.659
East-Siberian,2010,11,1286174.556,0.987
East-Siberian,2010,12,1303711.475,1.0
East-Siberian,2011,1,1303711.475,1.0
East-Siberian,2011,2,1303711.475,1.0
East-Siberian,2011,3,1303711.475,1.0
East-Siberian,2011,4,1303711.475,1.0
East-Siberian,2011,5,1303711.475,1.0
East-Siberian,2011,6,1293662.255,0.992
East-Siberian,2011,7,1075417.042,0.825
East-Siberian,2011,8,740429.611,0.568
East-Siberian,2011,9,484626.028,0.372
East-Siberian,2011,10,819213.476,0.628
East-Siberian,2011,11,1289708.874,0.989
East-Siberian,2011,12,1303711.475,1.0
East-Siberian,2012,1,1303711.475,1.0
East-Siberian,2012,2,1303711.475,1.0
East-Siberian,2012,3,1303711.475,1.0
East-Siberian,2012,4,1303711.475,1.0
East-Siberian,2012,5,1303711.475,1.0
East-Siberian,2012,6,1293898.242,0.992
East-Siberian,2012,7,1124672.588,0.863
East-Siberian,2012,8,366524.851,0.281
East-Siberian,2012,9,42789.427,0.033
East-Siberian,2012,10,685044.229,0.525
East-Siberian,2012,11,1303711.475,1.0
East-Siberian,2012,12,1303711.475,1.0
East-Siberian,2013,1,1303711.475,1.0
East-Siberian,2013,2,1303711.475,1.0
East-Siberian,2013,3,1303711.475,1.0
East-Siberian,2013,4,1303711.475,1.0
East-Siberian,2013,5,1303711.475,1.0
East-Siberian,2013,6,1303539.667,1.0
East-Siberian,2013,7,1206027.217,0.925
East-Siberian,2013,8,835263.81,0.641
East-Siberian,2013,9,667990.776,0.512
East-Siberian,2013,10,1183608.842,0.908
East-Siberian,2013,11,1303253.608,1.0
East-Siberian,2013,12,1303711.475,1.0
East-Siberian,2014,1,1303711.475,1.0
East-Siberian,2014,2,1303711.475,1.0
East-Siberian,2014,3,1303711.475,1.0
East-Siberian,2014,4,1303711.475,1.0
East-Siberian,2014,5,1294803.584,0.993
East-Siberian,2014,6,1257329.43,0.964
East-Siberian,2014,7,1171691.371,0.899
East-Siberian,2014,8,729038.444,0.559
East-Siberian,2014,9,527873.165,0.405
East-Siberian,2014,10,759141.891,0.582
East-Siberian,2014,11,1193001.219,0.915
East-Siberian,2014,12,1296868.472,0.995
East-Siberian,2015,1,1303711.475,1.0
East-Siberian,2015,2,1303711.475,1.0
East-Siberian,2015,3,1303711.475,1.0
East-Siberian,2015,4,1303711.475,1.0
East-Siberian,2015,5,1303711.475,1.0
East-Siberian,2015,6,1303482.303,1.0
East-Siberian,2015,7,1013369.609,0.777
East-Siberian,2015,8,538481.622,0.413
East-Siberian,2015,9,333560.9,0.256
East-Siberian,2015,10,774908.247,0.594
East-Siberian,2015,11,1245843.677,0.956
East-Siberian,2015,12,1303711.475,1.0
East-Siberian,2016,1,1303711.475,1.0
East-Siberian,2016,2,1303711.475,1.0
East-Siberian,2016,3,1303711.475,1.0
East-Siberian,2016,4,1303711.475,1.0
East-Siberian,2016,5,1303711.475,1.0
East-Siberian,2016,6,1303045.562,0.999
East-Siberian,2016,7,1087819.496,0.834
East-Siberian,2016,8,509745.473,0.391
East-Siberian,2016,9,289250.899,0.222
East-Siberian,2016,10,630809.762,0.484
East-Siberian,2016,11,1169959.795,0.897
East-Siberian,2016,12,1303711.475,1.0
East-Siberian,2017,1,1303711.475,1.0
East-Siberian,2017,2,1303711.475,1.0
East-Siberian,2017,3,1303711.475,1.0
East-Siberian,2017,4,1303711.475,1.0
East-Siberian,2017,5,1292560.331,0.991
East-Siberian,2017,6,1238029.944,0.95
East-Siberian,2017,7,869934.137,0.667
East-Siberian,2017,8,496704.94,0.381
East-Siberian,2017,9,379756.179,0.291
East-Siberian,2017,10,785978.774,0.603
East-Siberian,2017,11,1240146.953,0.951
East-Siberian,2017,12,1297119.263,0.995
East-Siberian,2018,1,1303711.475,1.0
East-Siberian,2018,2,1303711.475,1.0
East-Siberian,2018,3,1303711.475,1.0
East-Siberian,2018,4,1303711.475,1.0
East-Siberian,2018,5,1303378.25,1.0
East-Siberian,2018,6,1299576.736,0.997
East-Siberian,2018,7,1218765.391,0.935
East-Siberian,2018,8,819814.805,0.629
East-Siberian,2018,9,403907.147,0.31
East-Siberian,2018,10,568514.871,0.436
East-Siberian,2018,11,1275584.003,0.978
East-Siberian,2018,12,1303388.589,1.0
East-Siberian,2019,1,1303711.475,1.0
East-Siberian,2019,2,1303711.475,1.0
East-Siberian,2019,3,1303711.475,1.0
East-Siberian,2019,4,1303711.475,1.0
East-Siberian,2019,5,1303711.475,1.0
East-Siberian,2019,6,1299093.106,0.996
East-Siberian,2019,7,1039816.682,0.798
East-Siberian,2019,8,302914.417,0.232
East-Siberian,2019,9,123518.259,0.095
East-Siberian,2019,10,419508.716,0.322
East-Siberian,2019,11,1247856.023,0.957
East-Siberian,2019,12,1301276.885,0.998
East-Siberian,2020,1,1303711.475,1.0
East-Siberian,2020,2,1303711.475,1.0
East-Siberian,2020,3,1303711.475,1.0
East-Siberian,2020,4,1303711.475,1.0
East-Siberian,2020,5,1301007.154,0.998
East-Siberian,2020,6,1244542.168,0.955
East-Siberian,2020,7,789361.934,0.605
East-Siberian,2020,8,331399.272,0.254
East-Siberian,2020,9,149265.098,0.114
East-Siberian,2020,10,188105.709,0.144
East-Siberian,2020,11,1169119.084,0.897
East-Siberian,2020,12,1301271.893,0.998
East-Siberian,2021,1,1303711.475,1.0
East-Siberian,2021,2,1303711.475,1.0
East-Siberian,2021,3,1303711.475,1.0
East-Siberian,2021,4,1303711.475,1.0
East-Siberian,2021,5,1303066.62,1.0
East-Siberian,2021,6,1241461.227,0.952
East-Siberian,2021,7,927131.267,0.711
East-Siberian,2021,8,539885.777,0.414
East-Siberian,2021,9,420190.021,0.322
East-Siberian,2021,10,977348.072,0.75
East-Siberian,2021,11,1303711.475,1.0
East-Siberian,2021,12,1303711.475,1.0
East-Siberian,2022,1,1303711.475,1.0
East-Siberian,2022,2,1303711.475,1.0
East-Siberian,2022,3,1303711.475,1.0
East-Siberian,2022,4,1303711.475,1.0
East-Siberian,2022,5,1303711.475,1.0
East-Siberian,2022,6,1303132.773,1.0
East-Siberian,2022,7,1174131.582,0.901
East-Siberian,2022,8,729489.57,0.56
East-Siberian,2022,9,372348.14,0.286
East-Siberian,2022,10,837450.628,0.642
East-Siberian,2022,11,1296221.191,0.994
East-Siberian,2022,12,1303711.475,1.0
East-Siberian,2023,1,1303711.475,1.0
East-Siberian,2023,2,1303711.475,1.0
East-Siberian,2023,3,1303711.475,1.0
East-Siberian,2023,4,1303711.475,1.0
East-Siberian,2023,5,1303711.475,1.0
East-Siberian,2023,6,1287495.723,0.988
East-Siberian,2023,7,1052985.921,0.808
East-Siberian,2023,8,403794.919,0.31
East-Siberian,2023,9,77515.107,0.059
East-Siberian,2023,10,694627.849,0.533
East-Siberian,2023,11,1286359.844,0.987
East-Siberian,2023,12,1303711.475,1.0
East-Siberian,2024,1,1303711.475,1.0
East-Siberian,2024,2,1303711.475,1.0
East-Siberian,2024,3,1303711.475,1.0
East-Siberian,2024,4,1303711.475,1.0
East-Siberian,2024,5,1303711.475,1.0
East-Siberian,2024,6,1295344.326,0.994
East-Siberian,2024,7,1068903.556,0.82
East-Siberian,2024,8,642682.035,0.493
East-Siberian,2024,9,348624.206,0.267
East-Siberian,2024,10,826581.494,0.634
East-Siberian,2024,11,1301708.98,0.998
East-Siberian,2024,12,1303711.475,1.0
East-Siberian,2025,1,1303711.475,1.0
East-Siberian,2025,2,1303711.475,1.0
East-Siberian,2025,3,1303711.475,1.0
East-Siberian,2025,4,1303711.475,1.0
East-Siberian,2025,5,1303711.475,1.0
East-Siberian,2025,6,1290592.754,0.99
East-Siberian,2025,7,1097365.734,0.842
East-Siberian,2025,8,691867.299,0.531
East-Siberian,2025,9,598361.78,0.459
East-Siberian,2025,10,968008.727,0.743
East-Siberian,2025,11,1303585.988,1.0
East-Siberian,2025,12,1303711.475,1.0
East-Siberian,2026,1,1303711.475,1.0
East-Siberian,2026,2,1303711.475,1.0
East-Siberian,2026,3,1303711.475,1.0
East-Siberian,2026,4,1303711.475,1.0
East-Siberian,2026,5,1294978.036,0.993
East-Siberian,2026,6,1264683.953,0.97
East-Siberian,2026,7,1024293.378,0.786
East-Siberian,2026,8,558852.57,0.429
Greenland,1978,11,646100.219,0.582
Greenland,1978,12,901175.556,0.812
Greenland,1979,1,1076123.146,0.969
Greenland,1979,2,1099248.063,0.99
Greenland,1979,3,1036964.901,0.934
Greenland,1979,4,958927.937,0.864
Greenland,1979,5,823812.694,0.742
Greenland,1979,6,732932.104,0.66
Greenland,1979,7,525597.053,0.473
Greenland,1979,8,326246.338,0.294
Greenland,1979,9,274046.952,0.247
Greenland,1979,10,390471.715,0.352
Greenland,1979,11,517974.516,0.467
Greenland,1979,12,649059.169,0.585
Greenland,1980,1,808295.026,0.728
Greenland,1980,2,952327.591,0.858
Greenland,1980,3,948085.65,0.854
Greenland,1980,4,880688.901,0.793
Greenland,1980,5,746582.112,0.672
Greenland,1980,6,665813.937,0.6
Greenland,1980,7,525743.756,0.474
Greenland,1980,8,395567.798,0.356
Greenland,1980,9,395677.655,0.356
Greenland,1980,10,515636.474,0.464
Greenland,1980,11,719283.417,0.648
Greenland,1980,12,920311.349,0.829
Greenland,1981,1,1019178.887,0.918
Greenland,1981,2,954012.155,0.859
Greenland,1981,3,942886.555,0.849
Greenland,1981,4,904614.352,0.815
Greenland,1981,5,928662.56,0.836
Greenland,1981,6,868022.705,0.782
Greenland,1981,7,712216.474,0.641
Greenland,1981,8,521332.772,0.47
Greenland,1981,9,394359.013,0.355
Greenland,1981,10,577079.067,0.52
Greenland,1981,11,713551.545,0.643
Greenland,1981,12,968958.346,0.873
Greenland,1982,1,1105396.62,0.996
Greenland,1982,2,1076458.06,0.97
Greenland,1982,3,1018395.266,0.917
Greenland,1982,4,1009477.805,0.909
Greenland,1982,5,860546.493,0.775
Greenland,1982,6,759931.404,0.684
Greenland,1982,7,659413.376,0.594
Greenland,1982,8,419844.75,0.378
Greenland,1982,9,437137.663,0.394
Greenland,1982,10,516959.221,0.466
Greenland,1982,11,637177.992,0.574
Greenland,1982,12,798920.928,0.72
Greenland,1983,1,808830.324,0.728
Greenland,1983,2,965938.302,0.87
Greenland,1983,3,953258.656,0.859
Greenland,1983,4,839742.776,0.756
Greenland,1983,5,762641.522,0.687
Greenland,1983,6,686416.962,0.618
Greenland,1983,7,522538.867,0.471
Greenland,1983,8,390816.543,0.352
Greenland,1983,9,389657.772,0.351
Greenland,1983,10,499033.51,0.449
Greenland,1983,11,666804.663,0.601
Greenland,1983,12,775227.192,0.698
Greenland,1984,1,697391.695,0.628
Greenland,1984,2,691007.711,0.622
Greenland,1984,3,790589.426,0.712
Greenland,1984,4,717948.311,0.647
Greenland,1984,5,732095.634,0.659
Greenland,1984,6,690305.531,0.622
Greenland,1984,7,539106.583,0.486
Greenland,1984,8,311362.417,0.28
Greenland,1984,9,287755.567,0.259
Greenland,1984,10,431073.718,0.388
Greenland,1984,11,563290.345,0.507
Greenland,1984,12,565246.279,0.509
Greenland,1985,1,689548.657,0.621
Greenland,1985,2,805579.887,0.726
Greenland,1985,3,872985.673,0.786
Greenland,1985,4,977487.755,0.88
Greenland,1985,5,819949.489,0.739
Greenland,1985,6,695742.741,0.627
Greenland,1985,7,422493.782,0.381
Greenland,1985,8,182621.722,0.164
Greenland,1985,9,174756.773,0.157
Greenland,1985,10,420962.73,0.379
Greenland,1985,11,585572.939,0.527
Greenland,1985,12,844260.057,0.76
Greenland,1986,1,985781.573,0.888
Greenland,1986,2,1026059.295,0.924
Greenland,1986,3,1010596.456,0.91
Greenland,1986,4,1060325.904,0.955
Greenland,1986,5,857763.61,0.773
Greenland,1986,6,720355.818,0.649
Greenland,1986,7,550128.46,0.495
Greenland,1986,8,314531.933,0.283
Greenland,1986,9,300850.445,0.271
Greenland,1986,10,456986.386,0.412
Greenland,1986,11,569588.953,0.513
Greenland,1986,12,661694.861,0.596
Greenland,1987,1,835072.991,0.752
Greenland,1987,2,996458.836,0.897
Greenland,1987,3,980249.462,0.883
Greenland,1987,4,851108.339,0.767
Greenland,1987,5,821982.929,0.74
Greenland,1987,6,740030.72,0.667
Greenland,1987,7,542545.68,0.489
Greenland,1987,8,448224.244,0.404
Greenland,1987,9,421269.443,0.379
Greenland,1987,10,543454.236,0.489
Greenland,1987,11,729894.5,0.657
Greenland,1988,2,962019.828,0.866
Greenland,1988,3,1082179.764,0.975
Greenland,1988,4,1058924.345,0.954
Greenland,1988,5,889804.669,0.801
Greenland,1988,6,767060.775,0.691
Greenland,1988,7,550822.441,0.496
Greenland,1988,8,384217.674,0.346
Greenland,1988,9,377878.413,0.34
Greenland,1988,10,552899.076,0.498
Greenland,1988,11,760243.886,0.685
Greenland,1988,12,1066550.296,0.961
Greenland,1989,1,1070865.26,0.965
Greenland,1989,2,1022068.839,0.921
Greenland,1989,3,1044157.019,0.94
Greenland,1989,4,884940.884,0.797
Greenland,1989,5,820891.16,0.739
Greenland,1989,6,841799.447,0.758
Greenland,1989,7,682718.169,0.615
Greenland,1989,8,481687.682,0.434
Greenland,1989,9,441875.988,0.398
Greenland,1989,10,516127.349,0.465
Greenland,1989,11,674006.526,0.607
Greenland,1989,12,937317.104,0.844
Greenland,1990,1,858755.613,0.773
Greenland,1990,2,776140.601,0.699
Greenland,1990,3,881741.359,0.794
Greenland,1990,4,867750.231,0.782
Greenland,1990,5,821753.532,0.74
Greenland,1990,6,749352.491,0.675
Greenland,1990,7,549156.041,0.495
Greenland,1990,8,333613.334,0.3
Greenland,1990,9,195903.864,0.176
Greenland,1990,10,435146.499,0.392
Greenland,1990,11,597848.088,0.538
Greenland,1990,12,694515.116,0.626
Greenland,1991,1,681715.48,0.614
Greenland,1991,2,789728.752,0.711
Greenland,1991,3,843301.738,0.76
Greenland,1991,4,813158.958,0.732
Greenland,1991,5,736636.458,0.663
Greenland,1991,6,674895.788,0.608
Greenland,1991,7,457481.872,0.412
Greenland,1991,8,234218.73,0.211
Greenland,1991,9,200595.556,0.181
Greenland,1991,10,412286.327,0.371
Greenland,1991,11,580747.651,0.523
Greenland,1991,12,703260.636,0.633
Greenland,1992,1,840950.456,0.757
Greenland,1992,2,876087.834,0.789
Greenland,1992,3,864785.352,0.779
Greenland,1992,4,879710.995,0.792
Greenland,1992,5,798850.516,0.72
Greenland,1992,6,800334.228,0.721
Greenland,1992,7,641664.23,0.578
Greenland,1992,8,480767.332,0.433
Greenland,1992,9,436692.543,0.393
Greenland,1992,10,527992.768,0.476
Greenland,1992,11,600747.945,0.541
Greenland,1992,12,644896.561,0.581
Greenland,1993,1,771364.816,0.695
Greenland,1993,2,860701.759,0.775
Greenland,1993,3,803708.673,0.724
Greenland,1993,4,741577.122,0.668
Greenland,1993,5,738905.755,0.666
Greenland,1993,6,717114.658,0.646
Greenland,1993,7,600236.137,0.541
Greenland,1993,8,434072.049,0.391
Greenland,1993,9,410280.724,0.37
Greenland,1993,10,525429.799,0.473
Greenland,1993,11,578570.999,0.521
Greenland,1993,12,657039.103,0.592
Greenland,1994,1,666189.443,0.6
Greenland,1994,2,696277.702,0.627
Greenland,1994,3,740923.525,0.667
Greenland,1994,4,693923.363,0.625
Greenland,1994,5,692719.226,0.624
Greenland,1994,6,642773.551,0.579
Greenland,1994,7,520113.655,0.468
Greenland,1994,8,411151.099,0.37
Greenland,1994,9,405828.046,0.366
Greenland,1994,10,558534.756,0.503
Greenland,1994,11,682916.823,0.615
Greenland,1994,12,679047.426,0.612
Greenland,1995,1,700805.287,0.631
Greenland,1995,2,754724.917,0.68
Greenland,1995,3,767533.504,0.691
Greenland,1995,4,813411.819,0.733
Greenland,1995,5,845574.369,0.762
Greenland,1995,6,779581.223,0.702
Greenland,1995,7,568188.651,0.512
Greenland,1995,8,462548.348,0.417
Greenland,1995,9,449240.514,0.405
Greenland,1995,10,491230.115,0.442
Greenland,1995,11,662511.215,0.597
Greenland,1995,12,781656.109,0.704
Greenland,1996,1,828992.371,0.747
Greenland,1996,2,876163.605,0.789
Greenland,1996,3,892427.862,0.804
Greenland,1996,4,909078.67,0.819
Greenland,1996,5,907720.007,0.818
Greenland,1996,6,743693.42,0.67
Greenland,1996,7,539970.862,0.486
Greenland,1996,8,241809.098,0.218
Greenland,1996,9,217824.31,0.196
Greenland,1996,10,391621.824,0.353
Greenland,1996,11,575070.254,0.518
Greenland,1996,12,916437.894,0.825
Greenland,1997,1,1110270.286,1.0
Greenland,1997,2,1036838.85,0.934
Greenland,1997,3,968089.453,0.872
Greenland,1997,4,905683.963,0.816
Greenland,1997,5,847816.12,0.764
Greenland,1997,6,762993.302,0.687
Greenland,1997,7,597093.932,0.538
Greenland,1997,8,429593.395,0.387
Greenland,1997,9,372563.273,0.336
Greenland,1997,10,476375.541,0.429
Greenland,1997,11,695963.247,0.627
Greenland,1997,12,839285.07,0.756
Greenland,1998,1,955728.208,0.861
Greenland,1998,2,919041.851,0.828
Greenland,1998,3,855346.827,0.77
Greenland,1998,4,822818.946,0.741
Greenland,1998,5,764951.046,0.689
Greenland,1998,6,745200.194,0.671
Greenland,1998,7,596445.779,0.537
Greenland,1998,8,426288.508,0.384
Greenland,1998,9,351664.499,0.317
Greenland,1998,10,464159.599,0.418
Greenland,1998,11,539329.442,0.486
Greenland,1998,12,643538.149,0.58
Greenland,1999,1,684846.823,0.617
Greenland,1999,2,680748.358,0.613
Greenland,1999,3,665310.356,0.599
Greenland,1999,4,704325.338,0.634
Greenland,1999,5,647921.809,0.584
Greenland,1999,6,557339.281,0.502
Greenland,1999,7,394844.23,0.356
Greenland,1999,8,317433.431,0.286
Greenland,1999,9,330355.756,0.298
Greenland,1999,10,451872.435,0.407
Greenland,1999,11,549725.162,0.495
Greenland,1999,12,619151.347,0.558
Greenland,2000,1,650953.665,0.586
Greenland,2000,2,698569.329,0.629
Greenland,2000,3,702578.476,0.633
Greenland,2000,4,787923.325,0.71
Greenland,2000,5,763507.623,0.688
Greenland,2000,6,717798.59,0.647
Greenland,2000,7,586687.474,0.528
Greenland,2000,8,383829.987,0.346
Greenland,2000,9,325673.845,0.293
Greenland,2000,10,427704.247,0.385
Greenland,2000,11,542924.568,0.489
Greenland,2000,12,674504.806,0.608
Greenland,2001,1,814386.927,0.734
Greenland,2001,2,826211.183,0.744
Greenland,2001,3,907282.8,0.817
Greenland,2001,4,903030.126,0.813
Greenland,2001,5,815072.645,0.734
Greenland,2001,6,713772.795,0.643
Greenland,2001,7,461828.39,0.416
Greenland,2001,8,239026.388,0.215
Greenland,2001,9,159519.897,0.144
Greenland,2001,10,343303.061,0.309
Greenland,2001,11,541447.358,0.488
Greenland,2001,12,638605.621,0.575
Greenland,2002,1,760791.277,0.685
Greenland,2002,2,779215.727,0.702
Greenland,2002,3,836959.676,0.754
Greenland,2002,4,755638.769,0.681
Greenland,2002,5,700560.828,0.631
Greenland,2002,6,631306.082,0.569
Greenland,2002,7,358804.902,0.323
Greenland,2002,8,105254.796,0.095
Greenland,2002,9,127495.622,0.115
Greenland,2002,10,275273.737,0.248
Greenland,2002,11,459082.391,0.413
Greenland,2002,12,550174.522,0.496
Greenland,2003,1,701231.98,0.632
Greenland,2003,2,645579.59,0.581
Greenland,2003,3,741135.442,0.668
Greenland,2003,4,726164.151,0.654
Greenland,2003,5,722646.488,0.651
Greenland,2003,6,630510.072,0.568
Greenland,2003,7,437067.47,0.394
Greenland,2003,8,174749.531,0.157
Greenland,2003,9,136869.146,0.123
Greenland,2003,10,377204.556,0.34
Greenland,2003,11,470781.344,0.424
Greenland,2003,12,657658.331,0.592
Greenland,2004,1,720512.905,0.649
Greenland,2004,2,834078.55,0.751
Greenland,2004,3,824356.89,0.742
Greenland,2004,4,651984.727,0.587
Greenland,2004,5,586040.739,0.528
Greenland,2004,6,563598.196,0.508
Greenland,2004,7,388399.837,0.35
Greenland,2004,8,145659.278,0.131
Greenland,2004,9,137534.009,0.124
Greenland,2004,10,308800.567,0.278
Greenland,2004,11,462702.432,0.417
Greenland,2004,12,565347.475,0.509
Greenland,2005,1,612374.118,0.552
Greenland,2005,2,704721.165,0.635
Greenland,2005,3,785004.567,0.707
Greenland,2005,4,735466.359,0.662
Greenland,2005,5,692998.995,0.624
Greenland,2005,6,661116.901,0.595
Greenland,2005,7,484501.109,0.436
Greenland,2005,8,317250.214,0.286
Greenland,2005,9,335124.03,0.302
Greenland,2005,10,483943.209,0.436
Greenland,2005,11,585549.619,0.527
Greenland,2005,12,633641.14,0.571
Greenland,2006,1,628015.142,0.566
Greenland,2006,2,686723.662,0.619
Greenland,2006,3,731304.146,0.659
Greenland,2006,4,678936.905,0.612
Greenland,2006,5,623967.945,0.562
Greenland,2006,6,618390.486,0.557
Greenland,2006,7,454677.884,0.41
Greenland,2006,8,263314.815,0.237
Greenland,2006,9,291639.306,0.263
Greenland,2006,10,458712.717,0.413
Greenland,2006,11,550454.735,0.496
Greenland,2006,12,603898.247,0.544
Greenland,2007,1,668808.087,0.602
Greenland,2007,2,707998.53,0.638
Greenland,2007,3,704537.66,0.635
Greenland,2007,4,760470.996,0.685
Greenland,2007,5,716711.766,0.646
Greenland,2007,6,687942.093,0.62
Greenland,2007,7,491805.443,0.443
Greenland,2007,8,366845.272,0.33
Greenland,2007,9,400801.737,0.361
Greenland,2007,10,501594.726,0.452
Greenland,2007,11,588153.479,0.53
Greenland,2007,12,661329.568,0.596
Greenland,2008,1,713646.759,0.643
Greenland,2008,2,751512.282,0.677
Greenland,2008,3,724669.918,0.653
Greenland,2008,4,771167.377,0.695
Greenland,2008,5,747743.972,0.673
Greenland,2008,6,672339.378,0.606
Greenland,2008,7,451216.116,0.406
Greenland,2008,8,278644.566,0.251
Greenland,2008,9,219864.199,0.198
Greenland,2008,10,404614.958,0.364
Greenland,2008,11,542765.135,0.489
Greenland,2008,12,604233.685,0.544
Greenland,2009,1,705554.648,0.635
Greenland,2009,2,726804.035,0.655
Greenland,2009,3,753469.218,0.679
Greenland,2009,4,740066.771,0.667
Greenland,2009,5,679635.832,0.612
Greenland,2009,6,599938.063,0.54
Greenland,2009,7,394635.742,0.355
Greenland,2009,8,308048.716,0.277
Greenland,2009,9,313631.494,0.282
Greenland,2009,10,449378.343,0.405
Greenland,2009,11,539470.751,0.486
Greenland,2009,12,578167.543,0.521
Greenland,2010,1,680580.118,0.613
Greenland,2010,2,705786.706,0.636
Greenland,2010,3,759193.927,0.684
Greenland,2010,4,737014.893,0.664
Greenland,2010,5,680831.232,0.613
Greenland,2010,6,582843.456,0.525
Greenland,2010,7,403093.844,0.363
Greenland,2010,8,249692.602,0.225
Greenland,2010,9,259115.359,0.233
Greenland,2010,10,376462.884,0.339
Greenland,2010,11,516679.453,0.465
Greenland,2010,12,644523.541,0.581
Greenland,2011,1,697114.683,0.628
Greenland,2011,2,668140.3,0.602
Greenland,2011,3,747302.768,0.673
Greenland,2011,4,713996.22,0.643
Greenland,2011,5,682933.108,0.615
Greenland,2011,6,662758.004,0.597
Greenland,2011,7,559862.275,0.504
Greenland,2011,8,381342.238,0.343
Greenland,2011,9,326028.817,0.294
Greenland,2011,10,402198.925,0.362
Greenland,2011,11,526019.73,0.474
Greenland,2011,12,624569.516,0.563
Greenland,2012,1,605922.911,0.546
Greenland,2012,2,700007.557,0.63
Greenland,2012,3,686603.049,0.618
Greenland,2012,4,753601.714,0.679
Greenland,2012,5,769865.403,0.693
Greenland,2012,6,741324.738,0.668
Greenland,2012,7,507555.646,0.457
Greenland,2012,8,335977.06,0.303
Greenland,2012,9,307107.619,0.277
Greenland,2012,10,461869.855,0.416
Greenland,2012,11,537144.319,0.484
Greenland,2012,12,618149.941,0.557
Greenland,2013,1,652275.842,0.587
Greenland,2013,2,713736.478,0.643
Greenland,2013,3,731137.742,0.659
Greenland,2013,4,786715.73,0.709
Greenland,2013,5,705176.171,0.635
Greenland,2013,6,654765.636,0.59
Greenland,2013,7,344278.872,0.31
Greenland,2013,8,200871.864,0.181
Greenland,2013,9,178763.767,0.161
Greenland,2013,10,340153.356,0.306
Greenland,2013,11,558485.706,0.503
Greenland,2013,12,653769.424,0.589
Greenland,2014,1,622739.69,0.561
Greenland,2014,2,635281.838,0.572
Greenland,2014,3,670543.86,0.604
Greenland,2014,4,717491.645,0.646
Greenland,2014,5,718615.653,0.647
Greenland,2014,6,626606.608,0.564
Greenland,2014,7,410875.812,0.37
Greenland,2014,8,261215.449,0.235
Greenland,2014,9,256992.463,0.231
Greenland,2014,10,407309.01,0.367
Greenland,2014,11,526440.785,0.474
Greenland,2014,12,591826.853,0.533
Greenland,2015,1,612937.501,0.552
Greenland,2015,2,694977.476,0.626
Greenland,2015,3,676481.444,0.609
Greenland,2015,4,688619.011,0.62
Greenland,2015,5,680631.453,0.613
Greenland,2015,6,647054.732,0.583
Greenland,2015,7,499611.651,0.45
Greenland,2015,8,269580.29,0.243
Greenland,2015,9,277698.029,0.25
Greenland,2015,10,402331.417,0.362
Greenland,2015,11,506753.169,0.456
Greenland,2015,12,545297.684,0.491
Greenland,2016,1,593545.927,0.535
Greenland,2016,2,585281.293,0.527
Greenland,2016,3,618990.227,0.558
Greenland,2016,4,661692.729,0.596
Greenland,2016,5,572962.008,0.516
Greenland,2016,6,476198.412,0.429
Greenland,2016,7,321969.253,0.29
Greenland,2016,8,225012.717,0.203
Greenland,2016,9,245033.773,0.221
Greenland,2016,10,367396.004,0.331
Greenland,2016,11,429659.977,0.387
Greenland,2016,12,507705.868,0.457
Greenland,2017,1,592988.961,0.534
Greenland,2017,2,623977.789,0.562
Greenland,2017,3,718267.15,0.647
Greenland,2017,4,768265.491,0.692
Greenland,2017,5,740368.564,0.667
Greenland,2017,6,649311.46,0.585
Greenland,2017,7,461124.235,0.415
Greenland,2017,8,186904.983,0.168
Greenland,2017,9,135516.217,0.122
Greenland,2017,10,230319.832,0.207
Greenland,2017,11,405386.27,0.365
Greenland,2017,12,534864.513,0.482
Greenland,2018,1,553006.214,0.498
Greenland,2018,2,530590.185,0.478
Greenland,2018,3,580453.286,0.523
Greenland,2018,4,604767.236,0.545
Greenland,2018,5,500993.628,0.451
Greenland,2018,6,410520.611,0.37
Greenland,2018,7,308770.645,0.278
Greenland,2018,8,148279.132,0.134
Greenland,2018,9,159467.74,0.144
Greenland,2018,10,364946.192,0.329
Greenland,2018,11,446234.009,0.402
Greenland,2018,12,551288.492,0.497
Greenland,2019,1,617851.545,0.556
Greenland,2019,2,625032.495,0.563
Greenland,2019,3,676924.133,0.61
Greenland,2019,4,706202.262,0.636
Greenland,2019,5,656631.502,0.591
Greenland,2019,6,604702.636,0.545
Greenland,2019,7,436530.907,0.393
Greenland,2019,8,283162.646,0.255
Greenland,2019,9,212475.431,0.191
Greenland,2019,10,386546.857,0.348
Greenland,2019,11,547183.986,0.493
Greenland,2019,12,584596.262,0.527
Greenland,2020,1,584830.109,0.527
Greenland,2020,2,641562.292,0.578
Greenland,2020,3,734946.437,0.662
Greenland,2020,4,777596.225,0.7
Greenland,2020,5,687087.673,0.619
Greenland,2020,6,622337.816,0.561
Greenland,2020,7,467232.074,0.421
Greenland,2020,8,297495.641,0.268
Greenland,2020,9,268909.854,0.242
Greenland,2020,10,408072.791,0.368
Greenland,2020,11,552314.148,0.497
Greenland,2020,12,651062.408,0.586
Greenland,2021,1,695022.674,0.626
Greenland,2021,2,670974.305,0.604
Greenland,2021,3,710035.543,0.64
Greenland,2021,4,699672.538,0.63
Greenland,2021,5,730897.021,0.658
Greenland,2021,6,588598.988,0.53
Greenland,2021,7,281754.041,0.254
Greenland,2021,8,117830.266,0.106
Greenland,2021,9,81838.25,0.074
Greenland,2021,10,291418.462,0.262
Greenland,2021,11,452417.079,0.407
Greenland,2021,12,576361.148,0.519
Greenland,2022,1,676218.054,0.609
Greenland,2022,2,698410.066,0.629
Greenland,2022,3,696094.179,0.627
Greenland,2022,4,751102.742,0.677
Greenland,2022,5,765802.952,0.69
Greenland,2022,6,597649.311,0.538
Greenland,2022,7,376029.266,0.339
Greenland,2022,8,278536.574,0.251
Greenland,2022,9,285351.521,0.257
Greenland,2022,10,365256.138,0.329
Greenland,2022,11,488293.212,0.44
Greenland,2022,12,635073.9,0.572
Greenland,2023,1,697916.425,0.629
Greenland,2023,2,712225.241,0.641
Greenland,2023,3,860320.045,0.775
Greenland,2023,4,836758.029,0.754
Greenland,2023,5,837061.825,0.754
Greenland,2023,6,724994.149,0.653
Greenland,2023,7,478798.246,0.431
Greenland,2023,8,284161.485,0.256
Greenland,2023,9,272430.662,0.245
Greenland,2023,10,464891.795,0.419
Greenland,2023,11,639749.344,0.576
Greenland,2023,12,738840.078,0.665
Greenland,2024,1,786458.401,0.708
Greenland,2024,2,810254.197,0.73
Greenland,2024,3,821051.312,0.74
Greenland,2024,4,848872.15,0.765
Greenland,2024,5,742948.108,0.669
Greenland,2024,6,607684.331,0.547
Greenland,2024,7,400040.545,0.36
Greenland,2024,8,123383.313,0.111
Greenland,2024,9,138110.899,0.124
Greenland,2024,10,317907.501,0.286
Greenland,2024,11,499242.597,0.45
Greenland,2024,12,609873.964,0.549
Greenland,2025,1,697602.835,0.628
Greenland,2025,2,718600.473,0.647
Greenland,2025,3,734726.675,0.662
Greenland,2025,4,809628.74,0.729
Greenland,2025,5,775879.692,0.699
Greenland,2025,6,563795.821,0.508
Greenland,2025,7,323412.991,0.291
Greenland,2025,8,125153.372,0.113
Greenland,2025,9,133573.938,0.12
Greenland,2025,10,300747.198,0.271
Greenland,2025,11,499553.073,0.45
Greenland,2025,12,602947.143,0.543
Greenland,2026,1,723263.445,0.651
Greenland,2026,2,808372.297,0.728
Greenland,2026,3,658256.321,0.593
Greenland,2026,4,646601.785,0.582
Greenland,2026,5,620505.127,0.559
Greenland,2026,6,502917.953,0.453
Greenland,2026,7,221868.043,0.2
Greenland,2026,8,196003.819,0.177
Hudson,1978,11,841156.405,0.683
Hudson,1978,12,1231642.667,1.0
Hudson,1979,1,1231642.667,1.0
Hudson,1979,2,1231642.667,1.0
Hudson,1979,3,1231642.667,1.0
Hudson,1979,4,1231642.667,1.0
Hudson,1979,5,1225823.169,0.995
Hudson,1979,6,1158020.549,0.94
Hudson,1979,7,471781.906,0.383
Hudson,1979,8,164759.16,0.134
Hudson,1979,9,57580.66,0.047
Hudson,1979,10,134524.029,0.109
Hudson,1979,11,504707.851,0.41
Hudson,1979,12,1169741.93,0.95
Hudson,1980,1,1231642.667,1.0
Hudson,1980,2,1231642.667,1.0
Hudson,1980,3,1231642.667,1.0
Hudson,1980,4,1231605.014,1.0
Hudson,1980,5,1223841.419,0.994
Hudson,1980,6,1091934.146,0.887
Hudson,1980,7,435000.874,0.353
Hudson,1980,8,151230.53,0.123
Hudson,1980,9,27085.877,0.022
Hudson,1980,10,91692.748,0.074
Hudson,1980,11,506012.392,0.411
Hudson,1980,12,1205061.97,0.978
Hudson,1981,1,1231642.667,1.0
Hudson,1981,2,1231642.667,1.0
Hudson,1981,3,1231526.619,1.0
Hudson,1981,4,1231642.667,1.0
Hudson,1981,5,1227864.244,0.997
Hudson,1981,6,1131656.654,0.919
Hudson,1981,7,536757.591,0.436
Hudson,1981,8,95032.308,0.077
Hudson,1981,9,27650.551,0.022
Hudson,1981,10,60119.405,0.049
Hudson,1981,11,323947.328,0.263
Hudson,1981,12,1022655.939,0.83
Hudson,1982,1,1231642.667,1.0
Hudson,1982,2,1231642.667,1.0
Hudson,1982,3,1231642.667,1.0
Hudson,1982,4,1231602.012,1.0
Hudson,1982,5,1229563.756,0.998
Hudson,1982,6,1149426.73,0.933
Hudson,1982,7,551266.921,0.448
Hudson,1982,8,120937.788,0.098
Hudson,1982,9,37024.288,0.03
Hudson,1982,10,114280.608,0.093
Hudson,1982,11,630696.961,0.512
Hudson,1982,12,1219757.642,0.99
Hudson,1983,1,1231642.667,1.0
Hudson,1983,2,1231642.667,1.0
Hudson,1983,3,1231642.667,1.0
Hudson,1983,4,1231642.667,1.0
Hudson,1983,5,1231606.638,1.0
Hudson,1983,6,1192821.092,0.968
Hudson,1983,7,778952.164,0.632
Hudson,1983,8,248760.547,0.202
Hudson,1983,9,127403.848,0.103
Hudson,1983,10,166821.362,0.135
Hudson,1983,11,493207.654,0.4
Hudson,1983,12,1184267.617,0.962
Hudson,1984,1,1231642.667,1.0
Hudson,1984,2,1231642.667,1.0
Hudson,1984,3,1231642.667,1.0
Hudson,1984,4,1231605.728,1.0
Hudson,1984,5,1219049.669,0.99
Hudson,1984,6,1114147.77,0.905
Hudson,1984,7,574644.237,0.467
Hudson,1984,8,159102.07,0.129
Hudson,1984,9,32605.196,0.026
Hudson,1984,10,88396.422,0.072
Hudson,1984,11,639059.603,0.519
Hudson,1984,12,1190992.779,0.967
Hudson,1985,1,1231604.403,1.0
Hudson,1985,2,1231642.667,1.0
Hudson,1985,3,1231642.667,1.0
Hudson,1985,4,1231642.667,1.0
Hudson,1985,5,1229782.887,0.998
Hudson,1985,6,1110523.429,0.902
Hudson,1985,7,578116.217,0.469
Hudson,1985,8,137255.972,0.111
Hudson,1985,9,27595.681,0.022
Hudson,1985,10,73037.892,0.059
Hudson,1985,11,586503.967,0.476
Hudson,1985,12,1175145.673,0.954
Hudson,1986,1,1231642.667,1.0
Hudson,1986,2,1231556.361,1.0
Hudson,1986,3,1231642.667,1.0
Hudson,1986,4,1231525.833,1.0
Hudson,1986,5,1227861.165,0.997
Hudson,1986,6,1126119.954,0.914
Hudson,1986,7,552016.316,0.448
Hudson,1986,8,144785.293,0.118
Hudson,1986,9,46035.582,0.037
Hudson,1986,10,182344.736,0.148
Hudson,1986,11,950227.176,0.772
Hudson,1986,12,1231642.667,1.0
Hudson,1987,1,1231642.667,1.0
Hudson,1987,2,1231642.667,1.0
Hudson,1987,3,1231531.534,1.0
Hudson,1987,4,1231531.615,1.0
Hudson,1987,5,1226582.26,0.996
Hudson,1987,6,1167616.197,0.948
Hudson,1987,7,612926.97,0.498
Hudson,1987,8,164249.386,0.133
Hudson,1987,9,53302.572,0.043
Hudson,1987,10,87420.746,0.071
Hudson,1987,11,525548.521,0.427
Hudson,1988,2,1231642.667,1.0
Hudson,1988,3,1231642.667,1.0
Hudson,1988,4,1227646.109,0.997
Hudson,1988,5,1229662.387,0.998
Hudson,1988,6,1082064.07,0.879
Hudson,1988,7,495626.879,0.402
Hudson,1988,8,130572.543,0.106
Hudson,1988,9,19472.258,0.016
Hudson,1988,10,50420.005,0.041
Hudson,1988,11,341052.016,0.277
Hudson,1988,12,1109074.808,0.9
Hudson,1989,1,1231642.667,1.0
Hudson,1989,2,1231601.752,1.0
Hudson,1989,3,1231642.667,1.0
Hudson,1989,4,1231623.447,1.0
Hudson,1989,5,1225906.648,0.995
Hudson,1989,6,1115889.84,0.906
Hudson,1989,7,510696.172,0.415
Hudson,1989,8,157354.546,0.128
Hudson,1989,9,23282.217,0.019
Hudson,1989,10,107056.547,0.087
Hudson,1989,11,576415.254,0.468
Hudson,1989,12,1230634.983,0.999
Hudson,1990,1,1231468.214,1.0
Hudson,1990,2,1231623.421,1.0
Hudson,1990,3,1231313.264,1.0
Hudson,1990,4,1231547.024,1.0
Hudson,1990,5,1218958.945,0.99
Hudson,1990,6,1042688.245,0.847
Hudson,1990,7,614185.91,0.499
Hudson,1990,8,175011.511,0.142
Hudson,1990,9,60892.282,0.049
Hudson,1990,10,173988.588,0.141
Hudson,1990,11,490134.487,0.398
Hudson,1990,12,1169104.173,0.949
Hudson,1991,1,1231623.021,1.0
Hudson,1991,2,1231599.313,1.0
Hudson,1991,3,1231411.929,1.0
Hudson,1991,4,1231642.667,1.0
Hudson,1991,5,1230683.292,0.999
Hudson,1991,6,1139714.077,0.925
Hudson,1991,7,391347.167,0.318
Hudson,1991,8,146338.304,0.119
Hudson,1991,9,37577.116,0.031
Hudson,1991,10,84961.992,0.069
Hudson,1991,11,521179.761,0.423
Hudson,1991,12,1195477.08,0.971
Hudson,1992,1,1231625.627,1.0
Hudson,1992,2,1231602.716,1.0
Hudson,1992,3,1231623.797,1.0
Hudson,1992,4,1231622.999,1.0
Hudson,1992,5,1230647.455,0.999
Hudson,1992,6,1202929.169,0.977
Hudson,1992,7,910024.042,0.739
Hudson,1992,8,279921.314,0.227
Hudson,1992,9,42067.759,0.034
Hudson,1992,10,65907.376,0.054
Hudson,1992,11,660349.614,0.536
Hudson,1992,12,1227596.617,0.997
Hudson,1993,1,1231605.734,1.0
Hudson,1993,2,1231642.667,1.0
Hudson,1993,3,1231623.907,1.0
Hudson,1993,4,1231623.042,1.0
Hudson,1993,5,1216978.481,0.988
Hudson,1993,6,1102954.697,0.896
Hudson,1993,7,357738.703,0.29
Hudson,1993,8,139263.886,0.113
Hudson,1993,9,50108.884,0.041
Hudson,1993,10,65090.766,0.053
Hudson,1993,11,771600.029,0.626
Hudson,1993,12,1218995.879,0.99
Hudson,1994,1,1231379.147,1.0
Hudson,1994,2,1231622.744,1.0
Hudson,1994,3,1231605.285,1.0
Hudson,1994,4,1231642.667,1.0
Hudson,1994,5,1213312.468,0.985
Hudson,1994,6,1119294.632,0.909
Hudson,1994,7,560516.646,0.455
Hudson,1994,8,104679.549,0.085
Hudson,1994,9,27135.372,0.022
Hudson,1994,10,56863.294,0.046
Hudson,1994,11,262419.958,0.213
Hudson,1994,12,1121721.51,0.911
Hudson,1995,1,1231642.667,1.0
Hudson,1995,2,1231642.667,1.0
Hudson,1995,3,1231642.667,1.0
Hudson,1995,4,1230946.354,0.999
Hudson,1995,5,1211586.354,0.984
Hudson,1995,6,968495.529,0.786
Hudson,1995,7,369635.146,0.3
Hudson,1995,8,104302.173,0.085
Hudson,1995,9,18782.759,0.015
Hudson,1995,10,52961.491,0.043
Hudson,1995,11,413822.439,0.336
Hudson,1995,12,1203133.396,0.977
Hudson,1996,1,1231642.667,1.0
Hudson,1996,2,1231642.667,1.0
Hudson,1996,3,1231642.667,1.0
Hudson,1996,4,1231642.667,1.0
Hudson,1996,5,1199137.387,0.974
Hudson,1996,6,1127050.325,0.915
Hudson,1996,7,547931.522,0.445
Hudson,1996,8,124233.894,0.101
Hudson,1996,9,20365.887,0.017
Hudson,1996,10,61626.974,0.05
Hudson,1996,11,316825.264,0.257
Hudson,1996,12,1058113.228,0.859
Hudson,1997,1,1231642.667,1.0
Hudson,1997,2,1231642.667,1.0
Hudson,1997,3,1231642.667,1.0
Hudson,1997,4,1231642.667,1.0
Hudson,1997,5,1223339.369,0.993
Hudson,1997,6,1064855.903,0.865
Hudson,1997,7,403144.628,0.327
Hudson,1997,8,78312.169,0.064
Hudson,1997,9,17632.59,0.014
Hudson,1997,10,77961.101,0.063
Hudson,1997,11,413636.679,0.336
Hudson,1997,12,1131873.281,0.919
Hudson,1998,1,1231642.667,1.0
Hudson,1998,2,1231642.667,1.0
Hudson,1998,3,1231642.667,1.0
Hudson,1998,4,1231563.209,1.0
Hudson,1998,5,1205557.926,0.979
Hudson,1998,6,808863.604,0.657
Hudson,1998,7,205775.718,0.167
Hudson,1998,8,91753.66,0.074
Hudson,1998,9,19925.554,0.016
Hudson,1998,10,34670.997,0.028
Hudson,1998,11,160570.399,0.13
Hudson,1998,12,764676.929,0.621
Hudson,1999,1,1231567.631,1.0
Hudson,1999,2,1231642.667,1.0
Hudson,1999,3,1231568.214,1.0
Hudson,1999,4,1230132.548,0.999
Hudson,1999,5,1198840.368,0.973
Hudson,1999,6,753549.159,0.612
Hudson,1999,7,215221.774,0.175
Hudson,1999,8,117232.921,0.095
Hudson,1999,9,24244.645,0.02
Hudson,1999,10,51644.417,0.042
Hudson,1999,11,300134.245,0.244
Hudson,1999,12,896319.566,0.728
Hudson,2000,1,1231642.667,1.0
Hudson,2000,2,1231642.667,1.0
Hudson,2000,3,1231625.533,1.0
Hudson,2000,4,1231642.667,1.0
Hudson,2000,5,1226349.043,0.996
Hudson,2000,6,1012134.0,0.822
Hudson,2000,7,450562.223,0.366
Hudson,2000,8,104328.237,0.085
Hudson,2000,9,17693.713,0.014
Hudson,2000,10,44398.967,0.036
Hudson,2000,11,330463.521,0.268
Hudson,2000,12,1110983.711,0.902
Hudson,2001,1,1231604.881,1.0
Hudson,2001,2,1231642.667,1.0
Hudson,2001,3,1231306.097,1.0
Hudson,2001,4,1231642.667,1.0
Hudson,2001,5,1212140.756,0.984
Hudson,2001,6,793762.397,0.644
Hudson,2001,7,196011.472,0.159
Hudson,2001,8,106999.248,0.087
Hudson,2001,9,17502.835,0.014
Hudson,2001,10,33979.659,0.028
Hudson,2001,11,288907.575,0.235
Hudson,2001,12,948847.505,0.77
Hudson,2002,1,1221043.893,0.991
Hudson,2002,2,1231642.667,1.0
Hudson,2002,3,1231642.667,1.0
Hudson,2002,4,1231642.667,1.0
Hudson,2002,5,1224096.874,0.994
Hudson,2002,6,1090785.192,0.886
Hudson,2002,7,432340.788,0.351
Hudson,2002,8,84012.815,0.068
Hudson,2002,9,17431.063,0.014
Hudson,2002,10,21502.591,0.017
Hudson,2002,11,339500.766,0.276
Hudson,2002,12,1167708.788,0.948
Hudson,2003,1,1231568.494,1.0
Hudson,2003,2,1231642.667,1.0
Hudson,2003,3,1231624.335,1.0
Hudson,2003,4,1230943.772,0.999
Hudson,2003,5,1211710.375,0.984
Hudson,2003,6,985427.76,0.8
Hudson,2003,7,326912.468,0.265
Hudson,2003,8,69642.007,0.057
Hudson,2003,9,20554.248,0.017
Hudson,2003,10,29466.958,0.024
Hudson,2003,11,186786.985,0.152
Hudson,2003,12,963876.771,0.783
Hudson,2004,1,1231341.801,1.0
Hudson,2004,2,1231540.142,1.0
Hudson,2004,3,1231623.985,1.0
Hudson,2004,4,1231412.888,1.0
Hudson,2004,5,1211721.222,0.984
Hudson,2004,6,1100281.906,0.893
Hudson,2004,7,575241.487,0.467
Hudson,2004,8,131990.614,0.107
Hudson,2004,9,23010.73,0.019
Hudson,2004,10,49071.729,0.04
Hudson,2004,11,376527.633,0.306
Hudson,2004,12,1170398.236,0.95
Hudson,2005,1,1231459.841,1.0
Hudson,2005,2,1231563.27,1.0
Hudson,2005,3,1231623.555,1.0
Hudson,2005,4,1231310.521,1.0
Hudson,2005,5,1225450.076,0.995
Hudson,2005,6,971306.03,0.789
Hudson,2005,7,253179.87,0.206
Hudson,2005,8,43123.422,0.035
Hudson,2005,9,12661.611,0.01
Hudson,2005,10,23457.539,0.019
Hudson,2005,11,243974.356,0.198
Hudson,2005,12,1015691.386,0.825
Hudson,2006,1,1231473.026,1.0
Hudson,2006,2,1231459.342,1.0
Hudson,2006,3,1231273.218,1.0
Hudson,2006,4,1231226.003,1.0
Hudson,2006,5,1193753.04,0.969
Hudson,2006,6,785863.702,0.638
Hudson,2006,7,159806.939,0.13
Hudson,2006,8,42255.798,0.034
Hudson,2006,9,13843.026,0.011
Hudson,2006,10,28246.288,0.023
Hudson,2006,11,114993.41,0.093
Hudson,2006,12,965291.947,0.784
Hudson,2007,1,1231288.11,1.0
Hudson,2007,2,1231601.171,1.0
Hudson,2007,3,1231642.667,1.0
Hudson,2007,4,1231603.138,1.0
Hudson,2007,5,1206894.983,0.98
Hudson,2007,6,1013282.362,0.823
Hudson,2007,7,239480.285,0.194
Hudson,2007,8,85217.244,0.069
Hudson,2007,9,14646.832,0.012
Hudson,2007,10,35132.234,0.029
Hudson,2007,11,320904.088,0.261
Hudson,2007,12,1152864.637,0.936
Hudson,2008,1,1231642.667,1.0
Hudson,2008,2,1231642.667,1.0
Hudson,2008,3,1231642.667,1.0
Hudson,2008,4,1231642.667,1.0
Hudson,2008,5,1217476.554,0.988
Hudson,2008,6,947419.848,0.769
Hudson,2008,7,347294.338,0.282
Hudson,2008,8,87195.525,0.071
Hudson,2008,9,12612.511,0.01
Hudson,2008,10,37218.547,0.03
Hudson,2008,11,300256.737,0.244
Hudson,2008,12,1079441.143,0.876
Hudson,2009,1,1231642.667,1.0
Hudson,2009,2,1231642.667,1.0
Hudson,2009,3,1231642.667,1.0
Hudson,2009,4,1231642.667,1.0
Hudson,2009,5,1209779.238,0.982
Hudson,2009,6,1105052.742,0.897
Hudson,2009,7,440707.091,0.358
Hudson,2009,8,71653.327,0.058
Hudson,2009,9,14245.57,0.012
Hudson,2009,10,44301.169,0.036
Hudson,2009,11,236805.345,0.192
Hudson,2009,12,949315.305,0.771
Hudson,2010,1,1230746.381,0.999
Hudson,2010,2,1231642.667,1.0
Hudson,2010,3,1231587.81,1.0
Hudson,2010,4,1231475.798,1.0
Hudson,2010,5,1192828.262,0.968
Hudson,2010,6,766382.837,0.622
Hudson,2010,7,165939.067,0.135
Hudson,2010,8,45954.131,0.037
Hudson,2010,9,13034.456,0.011
Hudson,2010,10,27006.774,0.022
Hudson,2010,11,69635.811,0.057
Hudson,2010,12,692785.362,0.562
Hudson,2011,1,1108800.922,0.9
Hudson,2011,2,1231642.667,1.0
Hudson,2011,3,1230997.719,0.999
Hudson,2011,4,1229366.805,0.998
Hudson,2011,5,1178240.05,0.957
Hudson,2011,6,872685.284,0.709
Hudson,2011,7,231036.65,0.188
Hudson,2011,8,67484.517,0.055
Hudson,2011,9,15468.593,0.013
Hudson,2011,10,33513.807,0.027
Hudson,2011,11,166074.041,0.135
Hudson,2011,12,959171.286,0.779
Hudson,2012,1,1230791.117,0.999
Hudson,2012,2,1231642.667,1.0
Hudson,2012,3,1231642.667,1.0
Hudson,2012,4,1230592.214,0.999
Hudson,2012,5,1217165.418,0.988
Hudson,2012,6,922117.009,0.749
Hudson,2012,7,220171.986,0.179
Hudson,2012,8,66108.43,0.054
Hudson,2012,9,13402.51,0.011
Hudson,2012,10,26429.656,0.021
Hudson,2012,11,238028.139,0.193
Hudson,2012,12,1093878.864,0.888
Hudson,2013,1,1231605.373,1.0
Hudson,2013,2,1231642.667,1.0
Hudson,2013,3,1231642.667,1.0
Hudson,2013,4,1231642.667,1.0
Hudson,2013,5,1230541.614,0.999
Hudson,2013,6,1021082.343,0.829
Hudson,2013,7,246924.567,0.2
Hudson,2013,8,79635.398,0.065
Hudson,2013,9,16745.526,0.014
Hudson,2013,10,33756.286,0.027
Hudson,2013,11,323008.346,0.262
Hudson,2013,12,1147493.909,0.932
Hudson,2014,1,1231642.667,1.0
Hudson,2014,2,1231642.667,1.0
Hudson,2014,3,1231642.667,1.0
Hudson,2014,4,1231642.667,1.0
Hudson,2014,5,1231372.244,1.0
Hudson,2014,6,998635.167,0.811
Hudson,2014,7,269460.16,0.219
Hudson,2014,8,71696.84,0.058
Hudson,2014,9,12567.536,0.01
Hudson,2014,10,44677.238,0.036
Hudson,2014,11,357655.739,0.29
Hudson,2014,12,1191999.177,0.968
Hudson,2015,1,1231642.667,1.0
Hudson,2015,2,1231642.667,1.0
Hudson,2015,3,1231642.667,1.0
Hudson,2015,4,1231623.28,1.0
Hudson,2015,5,1167629.172,0.948
Hudson,2015,6,965964.604,0.784
Hudson,2015,7,452440.679,0.367
Hudson,2015,8,100047.134,0.081
Hudson,2015,9,31764.726,0.026
Hudson,2015,10,56365.975,0.046
Hudson,2015,11,412886.79,0.335
Hudson,2015,12,1039174.055,0.844
Hudson,2016,1,1231642.667,1.0
Hudson,2016,2,1231642.667,1.0
Hudson,2016,3,1231642.667,1.0
Hudson,2016,4,1231642.667,1.0
Hudson,2016,5,1181937.575,0.96
Hudson,2016,6,1007571.238,0.818
Hudson,2016,7,339647.098,0.276
Hudson,2016,8,52780.555,0.043
Hudson,2016,9,12645.139,0.01
Hudson,2016,10,32609.197,0.026
Hudson,2016,11,167466.203,0.136
Hudson,2016,12,884653.704,0.718
Hudson,2017,1,1231642.667,1.0
Hudson,2017,2,1231642.667,1.0
Hudson,2017,3,1231642.667,1.0
Hudson,2017,4,1231642.667,1.0
Hudson,2017,5,1209768.457,0.982
Hudson,2017,6,881648.573,0.716
Hudson,2017,7,203305.674,0.165
Hudson,2017,8,44193.756,0.036
Hudson,2017,9,15167.089,0.012
Hudson,2017,10,39923.305,0.032
Hudson,2017,11,352460.156,0.286
Hudson,2017,12,1090379.041,0.885
Hudson,2018,1,1231642.667,1.0
Hudson,2018,2,1231642.667,1.0
Hudson,2018,3,1231642.667,1.0
Hudson,2018,4,1231642.667,1.0
Hudson,2018,5,1197938.401,0.973
Hudson,2018,6,1048767.361,0.852
Hudson,2018,7,427564.298,0.347
Hudson,2018,8,89768.116,0.073
Hudson,2018,9,14202.914,0.012
Hudson,2018,10,65349.842,0.053
Hudson,2018,11,478045.754,0.388
Hudson,2018,12,1170739.1,0.951
Hudson,2019,1,1231642.667,1.0
Hudson,2019,2,1231642.667,1.0
Hudson,2019,3,1231642.667,1.0
Hudson,2019,4,1231642.667,1.0
Hudson,2019,5,1227961.193,0.997
Hudson,2019,6,987857.001,0.802
Hudson,2019,7,301154.825,0.245
Hudson,2019,8,32546.342,0.026
Hudson,2019,9,11960.232,0.01
Hudson,2019,10,21250.733,0.017
Hudson,2019,11,171338.581,0.139
Hudson,2019,12,1011787.075,0.821
Hudson,2020,1,1230471.94,0.999
Hudson,2020,2,1231642.667,1.0
Hudson,2020,3,1231642.667,1.0
Hudson,2020,4,1230606.134,0.999
Hudson,2020,5,1176201.309,0.955
Hudson,2020,6,953982.167,0.775
Hudson,2020,7,309423.863,0.251
Hudson,2020,8,60269.212,0.049
Hudson,2020,9,15681.343,0.013
Hudson,2020,10,23635.499,0.019
Hudson,2020,11,355011.15,0.288
Hudson,2020,12,1092559.146,0.887
Hudson,2021,1,1231642.667,1.0
Hudson,2021,2,1231642.667,1.0
Hudson,2021,3,1231642.667,1.0
Hudson,2021,4,1231407.505,1.0
Hudson,2021,5,1186653.209,0.963
Hudson,2021,6,938029.975,0.762
Hudson,2021,7,252062.227,0.205
Hudson,2021,8,75053.124,0.061
Hudson,2021,9,14219.472,0.012
Hudson,2021,10,19160.157,0.016
Hudson,2021,11,111156.406,0.09
Hudson,2021,12,804594.119,0.653
Hudson,2022,1,1231306.729,1.0
Hudson,2022,2,1231642.667,1.0
Hudson,2022,3,1231642.667,1.0
Hudson,2022,4,1231146.596,1.0
Hudson,2022,5,1223219.144,0.993
Hudson,2022,6,870213.835,0.707
Hudson,2022,7,276277.873,0.224
Hudson,2022,8,43588.812,0.035
Hudson,2022,9,13763.491,0.011
Hudson,2022,10,30310.7,0.025
Hudson,2022,11,259262.465,0.211
Hudson,2022,12,1057414.667,0.859
Hudson,2023,1,1231176.341,1.0
Hudson,2023,2,1231642.667,1.0
Hudson,2023,3,1231642.667,1.0
Hudson,2023,4,1231642.667,1.0
Hudson,2023,5,1203273.82,0.977
Hudson,2023,6,792899.92,0.644
Hudson,2023,7,162567.741,0.132
Hudson,2023,8,74010.494,0.06
Hudson,2023,9,11878.458,0.01
Hudson,2023,10,26718.741,0.022
Hudson,2023,11,149775.764,0.122
Hudson,2023,12,774907.543,0.629
Hudson,2024,1,1228175.959,0.997
Hudson,2024,2,1231642.667,1.0
Hudson,2024,3,1231642.667,1.0
Hudson,2024,4,1229979.366,0.999
Hudson,2024,5,1130322.891,0.918
Hudson,2024,6,682094.238,0.554
Hudson,2024,7,254667.291,0.207
Hudson,2024,8,48273.855,0.039
Hudson,2024,9,14343.131,0.012
Hudson,2024,10,23152.353,0.019
Hudson,2024,11,71781.582,0.058
Hudson,2024,12,611368.792,0.496
Hudson,2025,1,1109966.062,0.901
Hudson,2025,2,1231642.667,1.0
Hudson,2025,3,1231642.667,1.0
Hudson,2025,4,1230865.035,0.999
Hudson,2025,5,1190740.89,0.967
Hudson,2025,6,807177.232,0.655
Hudson,2025,7,161066.721,0.131
Hudson,2025,8,44613.331,0.036
Hudson,2025,9,13521.56,0.011
Hudson,2025,10,23547.639,0.019
Hudson,2025,11,52700.174,0.043
Hudson,2025,12,736667.76,0.598
Hudson,2026,1,1227121.379,0.996
Hudson,2026,2,1231642.667,1.0
Hudson,2026,3,1231642.667,1.0
Hudson,2026,4,1231642.667,1.0
Hudson,2026,5,1211677.817,0.984
Hudson,2026,6,840953.428,0.683
Hudson,2026,7,144890.625,0.118
Hudson,2026,8,30061.09,0.024
Kara,1978,11,901802.743,0.982
Kara,1978,12,917914.503,1.0
Kara,1979,1,917992.88,1.0
Kara,1979,2,917992.88,1.0
Kara,1979,3,917992.88,1.0
Kara,1979,4,917992.88,1.0
Kara,1979,5,917992.88,1.0
Kara,1979,6,910710.564,0.992
Kara,1979,7,803830.133,0.876
Kara,1979,8,377390.455,0.411
Kara,1979,9,150492.843,0.164
Kara,1979,10,614817.816,0.67
Kara,1979,11,912755.011,0.994
Kara,1979,12,917992.88,1.0
Kara,1980,1,917992.88,1.0
Kara,1980,2,917947.848,1.0
Kara,1980,3,917992.88,1.0
Kara,1980,4,917992.88,1.0
Kara,1980,5,916691.182,0.999
Kara,1980,6,912964.456,0.995
Kara,1980,7,851205.417,0.927
Kara,1980,8,598385.392,0.652
Kara,1980,9,494679.688,0.539
Kara,1980,10,621371.472,0.677
Kara,1980,11,885304.089,0.964
Kara,1980,12,917992.88,1.0
Kara,1981,1,917795.986,1.0
Kara,1981,2,917992.88,1.0
Kara,1981,3,917992.88,1.0
Kara,1981,4,917992.88,1.0
Kara,1981,5,917992.88,1.0
Kara,1981,6,916392.778,0.998
Kara,1981,7,887578.335,0.967
Kara,1981,8,582865.73,0.635
Kara,1981,9,474967.039,0.517
Kara,1981,10,646879.703,0.705
Kara,1981,11,818661.808,0.892
Kara,1981,12,910783.422,0.992
Kara,1982,1,917992.88,1.0
Kara,1982,2,917992.88,1.0
Kara,1982,3,917992.88,1.0
Kara,1982,4,917908.284,1.0
Kara,1982,5,917741.509,1.0
Kara,1982,6,906964.726,0.988
Kara,1982,7,782240.64,0.852
Kara,1982,8,452494.68,0.493
Kara,1982,9,305239.57,0.333
Kara,1982,10,693289.267,0.755
Kara,1982,11,916075.148,0.998
Kara,1982,12,917951.309,1.0
Kara,1983,1,917992.88,1.0
Kara,1983,2,917992.88,1.0
Kara,1983,3,917992.88,1.0
Kara,1983,4,917992.88,1.0
Kara,1983,5,917092.87,0.999
Kara,1983,6,915151.315,0.997
Kara,1983,7,786679.315,0.857
Kara,1983,8,462686.026,0.504
Kara,1983,9,231549.049,0.252
Kara,1983,10,506958.646,0.552
Kara,1983,11,833984.307,0.908
Kara,1983,12,917913.445,1.0
Kara,1984,1,916394.085,0.998
Kara,1984,2,911579.742,0.993
Kara,1984,3,915849.555,0.998
Kara,1984,4,917992.88,1.0
Kara,1984,5,917441.458,0.999
Kara,1984,6,905526.545,0.986
Kara,1984,7,642930.367,0.7
Kara,1984,8,322527.854,0.351
Kara,1984,9,142595.181,0.155
Kara,1984,10,460112.982,0.501
Kara,1984,11,880241.207,0.959
Kara,1984,12,916215.498,0.998
Kara,1985,1,917950.85,1.0
Kara,1985,2,917947.811,1.0
Kara,1985,3,917518.275,0.999
Kara,1985,4,917992.88,1.0
Kara,1985,5,917908.236,1.0
Kara,1985,6,867421.313,0.945
Kara,1985,7,689110.289,0.751
Kara,1985,8,235598.106,0.257
Kara,1985,9,90788.651,0.099
Kara,1985,10,237161.514,0.258
Kara,1985,11,795069.874,0.866
Kara,1985,12,917992.88,1.0
Kara,1986,1,917992.88,1.0
Kara,1986,2,917947.848,1.0
Kara,1986,3,916392.451,0.998
Kara,1986,4,917405.582,0.999
Kara,1986,5,917951.857,1.0
Kara,1986,6,915971.322,0.998
Kara,1986,7,802519.778,0.874
Kara,1986,8,497684.866,0.542
Kara,1986,9,413767.822,0.451
Kara,1986,10,631785.242,0.688
Kara,1986,11,828290.922,0.902
Kara,1986,12,910698.1,0.992
Kara,1987,1,917992.88,1.0
Kara,1987,2,917992.88,1.0
Kara,1987,3,917992.88,1.0
Kara,1987,4,917992.88,1.0
Kara,1987,5,917992.88,1.0
Kara,1987,6,911617.397,0.993
Kara,1987,7,851769.527,0.928
Kara,1987,8,387479.283,0.422
Kara,1987,9,198882.888,0.217
Kara,1987,10,563850.62,0.614
Kara,1987,11,845670.127,0.921
Kara,1988,2,917906.021,1.0
Kara,1988,3,917992.88,1.0
Kara,1988,4,917992.88,1.0
Kara,1988,5,917972.263,1.0
Kara,1988,6,896654.362,0.977
Kara,1988,7,720433.877,0.785
Kara,1988,8,416636.805,0.454
Kara,1988,9,352673.946,0.384
Kara,1988,10,660405.551,0.719
Kara,1988,11,901860.659,0.982
Kara,1988,12,917870.95,1.0
Kara,1989,1,917971.68,1.0
Kara,1989,2,917992.88,1.0
Kara,1989,3,917707.938,1.0
Kara,1989,4,917992.88,1.0
Kara,1989,5,917016.166,0.999
Kara,1989,6,880775.313,0.959
Kara,1989,7,676031.756,0.736
Kara,1989,8,519281.506,0.566
Kara,1989,9,425016.993,0.463
Kara,1989,10,548633.86,0.598
Kara,1989,11,749782.896,0.817
Kara,1989,12,896869.497,0.977
Kara,1990,1,917992.88,1.0
Kara,1990,2,916811.217,0.999
Kara,1990,3,917972.686,1.0
Kara,1990,4,907837.697,0.989
Kara,1990,5,884827.06,0.964
Kara,1990,6,851445.114,0.928
Kara,1990,7,654944.864,0.713
Kara,1990,8,469703.172,0.512
Kara,1990,9,366749.272,0.4
Kara,1990,10,656334.526,0.715
Kara,1990,11,898225.832,0.978
Kara,1990,12,917851.169,1.0
Kara,1991,1,917992.88,1.0
Kara,1991,2,917992.88,1.0
Kara,1991,3,917972.499,1.0
Kara,1991,4,917887.902,1.0
Kara,1991,5,915686.33,0.997
Kara,1991,6,912065.992,0.994
Kara,1991,7,713946.388,0.778
Kara,1991,8,526223.312,0.573
Kara,1991,9,275481.192,0.3
Kara,1991,10,537549.812,0.586
Kara,1991,11,824817.553,0.899
Kara,1991,12,914036.673,0.996
Kara,1992,1,917992.88,1.0
Kara,1992,2,917905.909,1.0
Kara,1992,3,913078.424,0.995
Kara,1992,4,917971.392,1.0
Kara,1992,5,916282.227,0.998
Kara,1992,6,895420.267,0.975
Kara,1992,7,710090.08,0.774
Kara,1992,8,389524.112,0.424
Kara,1992,9,349384.123,0.381
Kara,1992,10,737282.054,0.803
Kara,1992,11,897950.236,0.978
Kara,1992,12,917791.041,1.0
Kara,1993,1,917587.686,1.0
Kara,1993,2,917337.088,0.999
Kara,1993,3,917870.695,1.0
Kara,1993,4,917887.704,1.0
Kara,1993,5,911175.316,0.993
Kara,1993,6,858660.88,0.935
Kara,1993,7,615148.529,0.67
Kara,1993,8,352548.885,0.384
Kara,1993,9,191845.591,0.209
Kara,1993,10,579262.317,0.631
Kara,1993,11,873190.475,0.951
Kara,1993,12,897276.853,0.977
Kara,1994,1,917911.534,1.0
Kara,1994,2,917992.88,1.0
Kara,1994,3,917992.88,1.0
Kara,1994,4,917992.88,1.0
Kara,1994,5,917784.271,1.0
Kara,1994,6,893482.893,0.973
Kara,1994,7,711555.553,0.775
Kara,1994,8,325097.685,0.354
Kara,1994,9,193758.368,0.211
Kara,1994,10,363752.359,0.396
Kara,1994,11,871502.56,0.949
Kara,1994,12,909969.397,0.991
Kara,1995,1,917706.112,1.0
Kara,1995,2,916442.234,0.998
Kara,1995,3,913583.54,0.995
Kara,1995,4,853185.665,0.929
Kara,1995,5,867958.535,0.945
Kara,1995,6,752322.902,0.82
Kara,1995,7,361744.772,0.394
Kara,1995,8,101993.97,0.111
Kara,1995,9,48183.431,0.052
Kara,1995,10,314741.976,0.343
Kara,1995,11,812911.88,0.886
Kara,1995,12,905478.333,0.986
Kara,1996,1,917687.446,1.0
Kara,1996,2,916838.577,0.999
Kara,1996,3,915729.412,0.998
Kara,1996,4,916773.598,0.999
Kara,1996,5,917992.88,1.0
Kara,1996,6,902696.362,0.983
Kara,1996,7,722580.533,0.787
Kara,1996,8,489535.045,0.533
Kara,1996,9,437749.652,0.477
Kara,1996,10,675706.573,0.736
Kara,1996,11,720058.611,0.784
Kara,1996,12,868241.672,0.946
Kara,1997,1,917804.784,1.0
Kara,1997,2,917900.221,1.0
Kara,1997,3,915627.706,0.997
Kara,1997,4,917992.88,1.0
Kara,1997,5,890441.485,0.97
Kara,1997,6,807644.995,0.88
Kara,1997,7,488105.69,0.532
Kara,1997,8,222069.726,0.242
Kara,1997,9,149072.885,0.162
Kara,1997,10,342363.563,0.373
Kara,1997,11,854117.409,0.93
Kara,1997,12,917871.251,1.0
Kara,1998,1,917992.88,1.0
Kara,1998,2,917992.88,1.0
Kara,1998,3,917992.88,1.0
Kara,1998,4,917992.88,1.0
Kara,1998,5,917910.53,1.0
Kara,1998,6,905742.554,0.987
Kara,1998,7,767325.471,0.836
Kara,1998,8,496551.616,0.541
Kara,1998,9,397194.525,0.433
Kara,1998,10,809503.37,0.882
Kara,1998,11,917992.88,1.0
Kara,1998,12,917992.88,1.0
Kara,1999,1,917992.88,1.0
Kara,1999,2,917992.88,1.0
Kara,1999,3,917992.88,1.0
Kara,1999,4,917950.758,1.0
Kara,1999,5,915339.204,0.997
Kara,1999,6,917087.269,0.999
Kara,1999,7,895635.769,0.976
Kara,1999,8,553292.313,0.603
Kara,1999,9,226099.213,0.246
Kara,1999,10,699214.797,0.762
Kara,1999,11,906876.267,0.988
Kara,1999,12,911992.082,0.993
Kara,2000,1,917741.834,1.0
Kara,2000,2,914994.647,0.997
Kara,2000,3,916297.217,0.998
Kara,2000,4,917992.88,1.0
Kara,2000,5,917951.752,1.0
Kara,2000,6,899176.733,0.98
Kara,2000,7,566600.301,0.617
Kara,2000,8,257120.069,0.28
Kara,2000,9,169836.084,0.185
Kara,2000,10,437303.569,0.476
Kara,2000,11,803029.327,0.875
Kara,2000,12,908447.991,0.99
Kara,2001,1,910933.514,0.992
Kara,2001,2,916628.363,0.999
Kara,2001,3,917909.128,1.0
Kara,2001,4,917992.88,1.0
Kara,2001,5,913730.42,0.995
Kara,2001,6,838203.484,0.913
Kara,2001,7,569705.889,0.621
Kara,2001,8,264596.818,0.288
Kara,2001,9,160135.266,0.174
Kara,2001,10,363596.748,0.396
Kara,2001,11,810319.269,0.883
Kara,2001,12,834479.139,0.909
Kara,2002,1,917783.707,1.0
Kara,2002,2,917969.711,1.0
Kara,2002,3,917992.88,1.0
Kara,2002,4,917992.88,1.0
Kara,2002,5,917401.39,0.999
Kara,2002,6,906435.954,0.987
Kara,2002,7,723344.087,0.788
Kara,2002,8,304576.172,0.332
Kara,2002,9,282000.947,0.307
Kara,2002,10,646168.898,0.704
Kara,2002,11,850381.624,0.926
Kara,2002,12,917972.664,1.0
Kara,2003,1,917992.88,1.0
Kara,2003,2,917992.88,1.0
Kara,2003,3,917992.88,1.0
Kara,2003,4,917992.88,1.0
Kara,2003,5,915817.366,0.998
Kara,2003,6,910446.807,0.992
Kara,2003,7,793215.186,0.864
Kara,2003,8,526738.641,0.574
Kara,2003,9,432390.192,0.471
Kara,2003,10,552058.956,0.601
Kara,2003,11,847589.56,0.923
Kara,2003,12,906150.985,0.987
Kara,2004,1,917992.88,1.0
Kara,2004,2,917992.88,1.0
Kara,2004,3,917992.88,1.0
Kara,2004,4,917971.153,1.0
Kara,2004,5,917951.251,1.0
Kara,2004,6,857289.162,0.934
Kara,2004,7,523192.797,0.57
Kara,2004,8,271528.231,0.296
Kara,2004,9,211940.927,0.231
Kara,2004,10,505653.682,0.551
Kara,2004,11,829088.602,0.903
Kara,2004,12,903500.41,0.984
Kara,2005,1,908788.576,0.99
Kara,2005,2,895201.622,0.975
Kara,2005,3,917952.222,1.0
Kara,2005,4,917950.627,1.0
Kara,2005,5,917765.843,1.0
Kara,2005,6,835511.702,0.91
Kara,2005,7,478472.578,0.521
Kara,2005,8,144717.858,0.158
Kara,2005,9,62802.731,0.068
Kara,2005,10,311398.297,0.339
Kara,2005,11,734651.082,0.8
Kara,2005,12,836293.429,0.911
Kara,2006,1,897329.6,0.977
Kara,2006,2,913268.573,0.995
Kara,2006,3,917617.442,1.0
Kara,2006,4,915116.334,0.997
Kara,2006,5,910670.113,0.992
Kara,2006,6,825236.117,0.899
Kara,2006,7,376126.998,0.41
Kara,2006,8,180468.076,0.197
Kara,2006,9,207443.882,0.226
Kara,2006,10,494955.529,0.539
Kara,2006,11,840583.552,0.916
Kara,2006,12,908780.704,0.99
Kara,2007,1,908897.769,0.99
Kara,2007,2,917946.44,1.0
Kara,2007,3,906182.163,0.987
Kara,2007,4,898260.662,0.979
Kara,2007,5,914943.081,0.997
Kara,2007,6,848495.389,0.924
Kara,2007,7,457832.767,0.499
Kara,2007,8,203974.106,0.222
Kara,2007,9,71038.909,0.077
Kara,2007,10,198882.767,0.217
Kara,2007,11,720069.921,0.784
Kara,2007,12,843627.627,0.919
Kara,2008,1,867936.32,0.945
Kara,2008,2,887884.96,0.967
Kara,2008,3,916821.515,0.999
Kara,2008,4,917820.11,1.0
Kara,2008,5,914440.905,0.996
Kara,2008,6,815356.84,0.888
Kara,2008,7,497868.61,0.542
Kara,2008,8,177164.238,0.193
Kara,2008,9,70312.839,0.077
Kara,2008,10,300554.955,0.327
Kara,2008,11,695059.664,0.757
Kara,2008,12,833354.433,0.908
Kara,2009,1,891592.722,0.971
Kara,2009,2,915847.373,0.998
Kara,2009,3,917174.893,0.999
Kara,2009,4,917992.88,1.0
Kara,2009,5,917972.047,1.0
Kara,2009,6,893840.276,0.974
Kara,2009,7,462727.394,0.504
Kara,2009,8,164524.328,0.179
Kara,2009,9,71597.95,0.078
Kara,2009,10,110489.805,0.12
Kara,2009,11,577927.115,0.63
Kara,2009,12,891861.015,0.972
Kara,2010,1,892630.142,0.972
Kara,2010,2,915830.693,0.998
Kara,2010,3,916796.089,0.999
Kara,2010,4,917820.009,1.0
Kara,2010,5,913304.579,0.995
Kara,2010,6,807559.87,0.88
Kara,2010,7,391004.366,0.426
Kara,2010,8,76506.539,0.083
Kara,2010,9,65830.592,0.072
Kara,2010,10,281468.301,0.307
Kara,2010,11,719938.807,0.784
Kara,2010,12,899238.512,0.98
Kara,2011,1,917971.93,1.0
Kara,2011,2,916723.51,0.999
Kara,2011,3,905322.648,0.986
Kara,2011,4,915757.844,0.998
Kara,2011,5,879083.53,0.958
Kara,2011,6,597761.515,0.651
Kara,2011,7,254879.964,0.278
Kara,2011,8,100599.779,0.11
Kara,2011,9,59804.868,0.065
Kara,2011,10,160677.918,0.175
Kara,2011,11,615063.245,0.67
Kara,2011,12,672212.717,0.732
Kara,2012,1,851576.985,0.928
Kara,2012,2,738533.059,0.805
Kara,2012,3,885667.481,0.965
Kara,2012,4,894343.009,0.974
Kara,2012,5,862779.515,0.94
Kara,2012,6,495695.31,0.54
Kara,2012,7,159679.226,0.174
Kara,2012,8,64096.8,0.07
Kara,2012,9,59001.417,0.064
Kara,2012,10,99020.173,0.108
Kara,2012,11,359100.823,0.391
Kara,2012,12,668492.289,0.728
Kara,2013,1,886340.562,0.966
Kara,2013,2,911273.506,0.993
Kara,2013,3,917951.051,1.0
Kara,2013,4,917452.327,0.999
Kara,2013,5,914074.247,0.996
Kara,2013,6,837833.673,0.913
Kara,2013,7,403420.169,0.439
Kara,2013,8,168473.259,0.184
Kara,2013,9,112290.954,0.122
Kara,2013,10,350652.122,0.382
Kara,2013,11,722372.451,0.787
Kara,2013,12,876748.161,0.955
Kara,2014,1,915921.289,0.998
Kara,2014,2,906951.94,0.988
Kara,2014,3,902908.608,0.984
Kara,2014,4,917971.288,1.0
Kara,2014,5,912454.561,0.994
Kara,2014,6,897134.982,0.977
Kara,2014,7,544919.328,0.594
Kara,2014,8,192468.071,0.21
Kara,2014,9,91241.646,0.099
Kara,2014,10,436573.584,0.476
Kara,2014,11,836504.455,0.911
Kara,2014,12,905151.558,0.986
Kara,2015,1,917992.88,1.0
Kara,2015,2,917992.88,1.0
Kara,2015,3,917168.735,0.999
Kara,2015,4,913151.845,0.995
Kara,2015,5,885077.016,0.964
Kara,2015,6,619529.309,0.675
Kara,2015,7,283668.977,0.309
Kara,2015,8,84774.193,0.092
Kara,2015,9,63036.28,0.069
Kara,2015,10,223346.693,0.243
Kara,2015,11,642695.335,0.7
Kara,2015,12,810744.301,0.883
Kara,2016,1,860539.098,0.937
Kara,2016,2,877942.384,0.956
Kara,2016,3,898448.265,0.979
Kara,2016,4,898471.117,0.979
Kara,2016,5,881691.756,0.96
Kara,2016,6,606241.47,0.66
Kara,2016,7,192282.52,0.209
Kara,2016,8,82849.503,0.09
Kara,2016,9,58779.905,0.064
Kara,2016,10,73126.126,0.08
Kara,2016,11,273297.68,0.298
Kara,2016,12,692493.094,0.754
Kara,2017,1,817982.702,0.891
Kara,2017,2,901896.746,0.982
Kara,2017,3,879865.341,0.958
Kara,2017,4,915042.918,0.997
Kara,2017,5,907791.002,0.989
Kara,2017,6,739955.715,0.806
Kara,2017,7,381400.247,0.415
Kara,2017,8,127260.244,0.139
Kara,2017,9,77581.557,0.085
Kara,2017,10,268828.363,0.293
Kara,2017,11,674868.139,0.735
Kara,2017,12,865554.146,0.943
Kara,2018,1,876444.548,0.955
Kara,2018,2,894331.99,0.974
Kara,2018,3,917344.17,0.999
Kara,2018,4,917992.88,1.0
Kara,2018,5,917992.88,1.0
Kara,2018,6,860674.051,0.938
Kara,2018,7,379867.375,0.414
Kara,2018,8,62684.96,0.068
Kara,2018,9,59393.62,0.065
Kara,2018,10,94291.404,0.103
Kara,2018,11,654872.939,0.713
Kara,2018,12,768358.189,0.837
Kara,2019,1,882436.117,0.961
Kara,2019,2,916279.09,0.998
Kara,2019,3,917078.937,0.999
Kara,2019,4,910789.74,0.992
Kara,2019,5,893583.864,0.973
Kara,2019,6,763496.585,0.832
Kara,2019,7,282691.615,0.308
Kara,2019,8,71897.386,0.078
Kara,2019,9,60592.38,0.066
Kara,2019,10,131973.043,0.144
Kara,2019,11,753595.099,0.821
Kara,2019,12,909176.475,0.99
Kara,2020,1,917006.278,0.999
Kara,2020,2,906368.363,0.987
Kara,2020,3,917403.622,0.999
Kara,2020,4,910653.838,0.992
Kara,2020,5,822319.125,0.896
Kara,2020,6,557314.102,0.607
Kara,2020,7,197129.525,0.215
Kara,2020,8,75730.217,0.082
Kara,2020,9,59608.479,0.065
Kara,2020,10,88785.283,0.097
Kara,2020,11,396883.4,0.432
Kara,2020,12,662542.207,0.722
Kara,2021,1,871431.414,0.949
Kara,2021,2,917876.96,1.0
Kara,2021,3,917992.88,1.0
Kara,2021,4,912733.06,0.994
Kara,2021,5,910536.463,0.992
Kara,2021,6,760170.733,0.828
Kara,2021,7,383812.645,0.418
Kara,2021,8,201024.515,0.219
Kara,2021,9,121904.059,0.133
Kara,2021,10,283554.493,0.309
Kara,2021,11,702176.823,0.765
Kara,2021,12,893690.08,0.974
Kara,2022,1,910117.941,0.991
Kara,2022,2,889204.715,0.969
Kara,2022,3,905311.611,0.986
Kara,2022,4,917930.089,1.0
Kara,2022,5,912089.899,0.994
Kara,2022,6,743951.228,0.81
Kara,2022,7,307180.895,0.335
Kara,2022,8,104402.284,0.114
Kara,2022,9,73177.67,0.08
Kara,2022,10,127085.61,0.138
Kara,2022,11,650570.95,0.709
Kara,2022,12,789062.385,0.86
Kara,2023,1,897491.659,0.978
Kara,2023,2,902733.708,0.983
Kara,2023,3,911497.573,0.993
Kara,2023,4,917844.522,1.0
Kara,2023,5,894170.778,0.974
Kara,2023,6,719805.862,0.784
Kara,2023,7,433144.342,0.472
Kara,2023,8,201435.263,0.219
Kara,2023,9,96455.05,0.105
Kara,2023,10,261424.565,0.285
Kara,2023,11,689959.6,0.752
Kara,2023,12,864391.53,0.942
Kara,2024,1,912681.947,0.994
Kara,2024,2,895893.581,0.976
Kara,2024,3,911659.033,0.993
Kara,2024,4,917992.88,1.0
Kara,2024,5,916971.157,0.999
Kara,2024,6,848951.717,0.925
Kara,2024,7,383064.465,0.417
Kara,2024,8,63028.539,0.069
Kara,2024,9,63395.833,0.069
Kara,2024,10,176369.759,0.192
Kara,2024,11,599666.127,0.653
Kara,2024,12,815212.493,0.888
Kara,2025,1,891892.606,0.972
Kara,2025,2,905089.476,0.986
Kara,2025,3,908848.28,0.99
Kara,2025,4,911294.234,0.993
Kara,2025,5,849855.56,0.926
Kara,2025,6,566415.834,0.617
Kara,2025,7,176557.007,0.192
Kara,2025,8,45958.462,0.05
Kara,2025,9,62975.337,0.069
Kara,2025,10,65173.452,0.071
Kara,2025,11,385712.412,0.42
Kara,2025,12,786866.967,0.857
Kara,2026,1,890487.194,0.97
Kara,2026,2,909734.056,0.991
Kara,2026,3,911665.389,0.993
Kara,2026,4,916219.48,0.998
Kara,2026,5,916881.421,0.999
Kara,2026,6,755400.956,0.823
Kara,2026,7,280546.971,0.306
Kara,2026,8,84270.759,0.092
Laptev,1978,11,872108.443,1.0
Laptev,1978,12,872414.226,1.0
Laptev,1979,1,872414.226,1.0
Laptev,1979,2,872414.226,1.0
Laptev,1979,3,872414.226,1.0
Laptev,1979,4,872414.226,1.0
Laptev,1979,5,871553.777,0.999
Laptev,1979,6,862093.141,0.988
Laptev,1979,7,840981.991,0.964
Laptev,1979,8,716961.244,0.822
Laptev,1979,9,708406.633,0.812
Laptev,1979,10,870059.668,0.997
Laptev,1979,11,872414.226,1.0
Laptev,1979,12,872414.226,1.0
Laptev,1980,1,872414.226,1.0
Laptev,1980,2,872414.226,1.0
Laptev,1980,3,872414.226,1.0
Laptev,1980,4,872414.226,1.0
Laptev,1980,5,866333.752,0.993
Laptev,1980,6,840116.583,0.963
Laptev,1980,7,754719.265,0.865
Laptev,1980,8,492480.416,0.565
Laptev,1980,9,464042.484,0.532
Laptev,1980,10,793033.836,0.909
Laptev,1980,11,872414.226,1.0
Laptev,1980,12,872414.226,1.0
Laptev,1981,1,872414.226,1.0
Laptev,1981,2,872414.226,1.0
Laptev,1981,3,872414.226,1.0
Laptev,1981,4,872371.177,1.0
Laptev,1981,5,870962.651,0.998
Laptev,1981,6,853461.324,0.978
Laptev,1981,7,729315.061,0.836
Laptev,1981,8,536730.12,0.615
Laptev,1981,9,489878.751,0.562
Laptev,1981,10,776393.476,0.89
Laptev,1981,11,872414.226,1.0
Laptev,1981,12,872414.226,1.0
Laptev,1982,1,872414.226,1.0
Laptev,1982,2,872414.226,1.0
Laptev,1982,3,872414.226,1.0
Laptev,1982,4,872414.226,1.0
Laptev,1982,5,872156.088,1.0
Laptev,1982,6,859819.192,0.986
Laptev,1982,7,817799.975,0.937
Laptev,1982,8,617497.2,0.708
Laptev,1982,9,460670.636,0.528
Laptev,1982,10,760430.937,0.872
Laptev,1982,11,872414.226,1.0
Laptev,1982,12,872414.226,1.0
Laptev,1983,1,872373.272,1.0
Laptev,1983,2,872414.226,1.0
Laptev,1983,3,872414.226,1.0
Laptev,1983,4,872414.226,1.0
Laptev,1983,5,870962.904,0.998
Laptev,1983,6,860771.355,0.987
Laptev,1983,7,811748.139,0.93
Laptev,1983,8,432444.168,0.496
Laptev,1983,9,377170.848,0.432
Laptev,1983,10,841062.231,0.964
Laptev,1983,11,872414.226,1.0
Laptev,1983,12,872414.226,1.0
Laptev,1984,1,872414.226,1.0
Laptev,1984,2,872414.226,1.0
Laptev,1984,3,872414.226,1.0
Laptev,1984,4,872414.226,1.0
Laptev,1984,5,872414.226,1.0
Laptev,1984,6,868629.075,0.996
Laptev,1984,7,844072.547,0.968
Laptev,1984,8,693172.246,0.795
Laptev,1984,9,510351.456,0.585
Laptev,1984,10,869327.251,0.996
Laptev,1984,11,872414.226,1.0
Laptev,1984,12,872414.226,1.0
Laptev,1985,1,872414.226,1.0
Laptev,1985,2,872414.226,1.0
Laptev,1985,3,872414.226,1.0
Laptev,1985,4,872414.226,1.0
Laptev,1985,5,872414.226,1.0
Laptev,1985,6,861688.543,0.988
Laptev,1985,7,796514.482,0.913
Laptev,1985,8,561468.041,0.644
Laptev,1985,9,409779.286,0.47
Laptev,1985,10,772735.012,0.886
Laptev,1985,11,872414.226,1.0
Laptev,1985,12,872414.226,1.0
Laptev,1986,1,872414.226,1.0
Laptev,1986,2,872414.226,1.0
Laptev,1986,3,872414.226,1.0
Laptev,1986,4,872414.226,1.0
Laptev,1986,5,872294.117,1.0
Laptev,1986,6,862432.197,0.989
Laptev,1986,7,846226.086,0.97
Laptev,1986,8,602702.386,0.691
Laptev,1986,9,561096.404,0.643
Laptev,1986,10,848183.086,0.972
Laptev,1986,11,872371.559,1.0
Laptev,1986,12,872414.226,1.0
Laptev,1987,1,872113.961,1.0
Laptev,1987,2,872414.226,1.0
Laptev,1987,3,872414.226,1.0
Laptev,1987,4,872414.226,1.0
Laptev,1987,5,872414.226,1.0
Laptev,1987,6,868223.305,0.995
Laptev,1987,7,845943.922,0.97
Laptev,1987,8,574885.571,0.659
Laptev,1987,9,552991.463,0.634
Laptev,1987,10,847414.253,0.971
Laptev,1987,11,872371.594,1.0
Laptev,1988,2,872414.226,1.0
Laptev,1988,3,872414.226,1.0
Laptev,1988,4,872414.226,1.0
Laptev,1988,5,864968.946,0.991
Laptev,1988,6,809048.66,0.927
Laptev,1988,7,716751.56,0.822
Laptev,1988,8,494063.341,0.566
Laptev,1988,9,504901.971,0.579
Laptev,1988,10,823332.998,0.944
Laptev,1988,11,872414.226,1.0
Laptev,1988,12,872414.226,1.0
Laptev,1989,1,872393.426,1.0
Laptev,1989,2,872391.67,1.0
Laptev,1989,3,872393.809,1.0
Laptev,1989,4,872414.226,1.0
Laptev,1989,5,872103.73,1.0
Laptev,1989,6,868841.862,0.996
Laptev,1989,7,834545.01,0.957
Laptev,1989,8,658337.726,0.755
Laptev,1989,9,540140.047,0.619
Laptev,1989,10,851039.89,0.975
Laptev,1989,11,872392.567,1.0
Laptev,1989,12,872393.229,1.0
Laptev,1990,1,872414.226,1.0
Laptev,1990,2,872414.226,1.0
Laptev,1990,3,872393.081,1.0
Laptev,1990,4,872262.554,1.0
Laptev,1990,5,860313.015,0.986
Laptev,1990,6,781902.072,0.896
Laptev,1990,7,638321.11,0.732
Laptev,1990,8,343927.279,0.394
Laptev,1990,9,275322.583,0.316
Laptev,1990,10,721356.994,0.827
Laptev,1990,11,872414.226,1.0
Laptev,1990,12,872414.226,1.0
Laptev,1991,1,872414.226,1.0
Laptev,1991,2,872414.226,1.0
Laptev,1991,3,872414.226,1.0
Laptev,1991,4,872414.226,1.0
Laptev,1991,5,871747.089,0.999
Laptev,1991,6,850821.277,0.975
Laptev,1991,7,646451.111,0.741
Laptev,1991,8,349233.502,0.4
Laptev,1991,9,292382.359,0.335
Laptev,1991,10,742857.8,0.851
Laptev,1991,11,872414.226,1.0
Laptev,1991,12,872329.754,1.0
Laptev,1992,1,872393.805,1.0
Laptev,1992,2,872414.226,1.0
Laptev,1992,3,872372.585,1.0
Laptev,1992,4,872414.226,1.0
Laptev,1992,5,871430.853,0.999
Laptev,1992,6,870475.131,0.998
Laptev,1992,7,793610.378,0.91
Laptev,1992,8,568597.56,0.652
Laptev,1992,9,608594.754,0.698
Laptev,1992,10,870625.802,0.998
Laptev,1992,11,872393.257,1.0
Laptev,1992,12,872414.226,1.0
Laptev,1993,1,872414.226,1.0
Laptev,1993,2,872414.226,1.0
Laptev,1993,3,872393.617,1.0
Laptev,1993,4,872414.226,1.0
Laptev,1993,5,859149.999,0.985
Laptev,1993,6,828989.84,0.95
Laptev,1993,7,805927.843,0.924
Laptev,1993,8,628484.055,0.72
Laptev,1993,9,509634.08,0.584
Laptev,1993,10,838545.275,0.961
Laptev,1993,11,872371.112,1.0
Laptev,1993,12,872372.704,1.0
Laptev,1994,1,872373.1,1.0
Laptev,1994,2,872414.226,1.0
Laptev,1994,3,872414.226,1.0
Laptev,1994,4,872414.226,1.0
Laptev,1994,5,872414.226,1.0
Laptev,1994,6,864352.178,0.991
Laptev,1994,7,771672.648,0.885
Laptev,1994,8,534858.755,0.613
Laptev,1994,9,462048.657,0.53
Laptev,1994,10,733547.318,0.841
Laptev,1994,11,872414.226,1.0
Laptev,1994,12,872393.051,1.0
Laptev,1995,1,872372.715,1.0
Laptev,1995,2,872367.547,1.0
Laptev,1995,3,872393.197,1.0
Laptev,1995,4,872414.226,1.0
Laptev,1995,5,872290.054,1.0
Laptev,1995,6,817171.778,0.937
Laptev,1995,7,597260.731,0.685
Laptev,1995,8,242737.155,0.278
Laptev,1995,9,121600.793,0.139
Laptev,1995,10,493023.894,0.565
Laptev,1995,11,872414.226,1.0
Laptev,1995,12,872414.226,1.0
Laptev,1996,1,872414.226,1.0
Laptev,1996,2,872414.226,1.0
Laptev,1996,3,872414.226,1.0
Laptev,1996,4,872414.226,1.0
Laptev,1996,5,872414.226,1.0
Laptev,1996,6,872414.226,1.0
Laptev,1996,7,850003.218,0.974
Laptev,1996,8,763415.431,0.875
Laptev,1996,9,777585.979,0.891
Laptev,1996,10,872414.226,1.0
Laptev,1996,11,872392.353,1.0
Laptev,1996,12,872414.226,1.0
Laptev,1997,1,872414.226,1.0
Laptev,1997,2,872414.226,1.0
Laptev,1997,3,872414.226,1.0
Laptev,1997,4,872414.226,1.0
Laptev,1997,5,869270.386,0.996
Laptev,1997,6,832360.781,0.954
Laptev,1997,7,724245.313,0.83
Laptev,1997,8,497047.272,0.57
Laptev,1997,9,417598.214,0.479
Laptev,1997,10,762692.746,0.874
Laptev,1997,11,872414.226,1.0
Laptev,1997,12,872414.226,1.0
Laptev,1998,1,872414.226,1.0
Laptev,1998,2,872414.226,1.0
Laptev,1998,3,872414.226,1.0
Laptev,1998,4,872414.226,1.0
Laptev,1998,5,872414.226,1.0
Laptev,1998,6,865187.075,0.992
Laptev,1998,7,800057.968,0.917
Laptev,1998,8,597216.205,0.685
Laptev,1998,9,513028.865,0.588
Laptev,1998,10,857501.658,0.983
Laptev,1998,11,872414.226,1.0
Laptev,1998,12,872414.226,1.0
Laptev,1999,1,872414.226,1.0
Laptev,1999,2,872414.226,1.0
Laptev,1999,3,872414.226,1.0
Laptev,1999,4,872414.226,1.0
Laptev,1999,5,872372.856,1.0
Laptev,1999,6,848745.833,0.973
Laptev,1999,7,681795.615,0.782
Laptev,1999,8,316863.046,0.363
Laptev,1999,9,231557.451,0.265
Laptev,1999,10,776575.205,0.89
Laptev,1999,11,872414.226,1.0
Laptev,1999,12,872414.226,1.0
Laptev,2000,1,872414.226,1.0
Laptev,2000,2,872414.226,1.0
Laptev,2000,3,872414.226,1.0
Laptev,2000,4,872414.226,1.0
Laptev,2000,5,863876.58,0.99
Laptev,2000,6,801749.302,0.919
Laptev,2000,7,707019.317,0.81
Laptev,2000,8,356945.74,0.409
Laptev,2000,9,242081.66,0.277
Laptev,2000,10,720992.207,0.826
Laptev,2000,11,872414.226,1.0
Laptev,2000,12,872414.226,1.0
Laptev,2001,1,872414.226,1.0
Laptev,2001,2,872414.226,1.0
Laptev,2001,3,872414.226,1.0
Laptev,2001,4,872414.226,1.0
Laptev,2001,5,871814.684,0.999
Laptev,2001,6,870771.258,0.998
Laptev,2001,7,813808.914,0.933
Laptev,2001,8,610654.664,0.7
Laptev,2001,9,658317.536,0.755
Laptev,2001,10,856602.541,0.982
Laptev,2001,11,872414.226,1.0
Laptev,2001,12,872414.226,1.0
Laptev,2002,1,872414.226,1.0
Laptev,2002,2,872414.226,1.0
Laptev,2002,3,872414.226,1.0
Laptev,2002,4,872414.226,1.0
Laptev,2002,5,872331.517,1.0
Laptev,2002,6,847750.641,0.972
Laptev,2002,7,770092.882,0.883
Laptev,2002,8,395616.673,0.453
Laptev,2002,9,351323.809,0.403
Laptev,2002,10,840142.436,0.963
Laptev,2002,11,872414.226,1.0
Laptev,2002,12,872414.226,1.0
Laptev,2003,1,872414.226,1.0
Laptev,2003,2,872414.226,1.0
Laptev,2003,3,872414.226,1.0
Laptev,2003,4,872414.226,1.0
Laptev,2003,5,872352.307,1.0
Laptev,2003,6,825587.981,0.946
Laptev,2003,7,675091.263,0.774
Laptev,2003,8,436009.896,0.5
Laptev,2003,9,379221.637,0.435
Laptev,2003,10,693136.011,0.795
Laptev,2003,11,872371.388,1.0
Laptev,2003,12,872372.664,1.0
Laptev,2004,1,872414.226,1.0
Laptev,2004,2,872414.226,1.0
Laptev,2004,3,872414.226,1.0
Laptev,2004,4,872414.226,1.0
Laptev,2004,5,872414.226,1.0
Laptev,2004,6,869059.953,0.996
Laptev,2004,7,857690.878,0.983
Laptev,2004,8,687607.913,0.788
Laptev,2004,9,567633.987,0.651
Laptev,2004,10,851256.036,0.976
Laptev,2004,11,872414.226,1.0
Laptev,2004,12,872393.83,1.0
Laptev,2005,1,872393.699,1.0
Laptev,2005,2,872345.237,1.0
Laptev,2005,3,872414.226,1.0
Laptev,2005,4,872392.744,1.0
Laptev,2005,5,865017.921,0.992
Laptev,2005,6,795805.929,0.912
Laptev,2005,7,608853.664,0.698
Laptev,2005,8,297838.9,0.341
Laptev,2005,9,138673.956,0.159
Laptev,2005,10,604717.026,0.693
Laptev,2005,11,872414.226,1.0
Laptev,2005,12,872352.906,1.0
Laptev,2006,1,872351.781,1.0
Laptev,2006,2,872391.446,1.0
Laptev,2006,3,872393.85,1.0
Laptev,2006,4,872414.226,1.0
Laptev,2006,5,872269.54,1.0
Laptev,2006,6,854231.652,0.979
Laptev,2006,7,666747.235,0.764
Laptev,2006,8,292503.242,0.335
Laptev,2006,9,309157.873,0.354
Laptev,2006,10,644344.429,0.739
Laptev,2006,11,872414.226,1.0
Laptev,2006,12,872414.226,1.0
Laptev,2007,1,872414.226,1.0
Laptev,2007,2,872414.226,1.0
Laptev,2007,3,872414.226,1.0
Laptev,2007,4,869194.694,0.996
Laptev,2007,5,838439.303,0.961
Laptev,2007,6,746381.494,0.856
Laptev,2007,7,516246.205,0.592
Laptev,2007,8,302219.873,0.346
Laptev,2007,9,247817.517,0.284
Laptev,2007,10,569610.258,0.653
Laptev,2007,11,872392.89,1.0
Laptev,2007,12,872393.322,1.0
Laptev,2008,1,872414.226,1.0
Laptev,2008,2,872414.226,1.0
Laptev,2008,3,872414.226,1.0
Laptev,2008,4,872414.226,1.0
Laptev,2008,5,872414.226,1.0
Laptev,2008,6,870947.762,0.998
Laptev,2008,7,823671.498,0.944
Laptev,2008,8,562125.268,0.644
Laptev,2008,9,375229.526,0.43
Laptev,2008,10,735608.84,0.843
Laptev,2008,11,872414.226,1.0
Laptev,2008,12,872414.226,1.0
Laptev,2009,1,872414.226,1.0
Laptev,2009,2,872414.226,1.0
Laptev,2009,3,872414.226,1.0
Laptev,2009,4,872414.226,1.0
Laptev,2009,5,872352.201,1.0
Laptev,2009,6,827180.934,0.948
Laptev,2009,7,601313.759,0.689
Laptev,2009,8,284063.284,0.326
Laptev,2009,9,206174.161,0.236
Laptev,2009,10,489379.817,0.561
Laptev,2009,11,872414.226,1.0
Laptev,2009,12,872414.226,1.0
Laptev,2010,1,872414.226,1.0
Laptev,2010,2,872414.226,1.0
Laptev,2010,3,872414.226,1.0
Laptev,2010,4,872414.226,1.0
Laptev,2010,5,865727.368,0.992
Laptev,2010,6,784493.051,0.899
Laptev,2010,7,587550.081,0.673
Laptev,2010,8,348307.416,0.399
Laptev,2010,9,207287.616,0.238
Laptev,2010,10,598817.739,0.686
Laptev,2010,11,872414.226,1.0
Laptev,2010,12,872414.226,1.0
Laptev,2011,1,872414.226,1.0
Laptev,2011,2,872414.226,1.0
Laptev,2011,3,872414.226,1.0
Laptev,2011,4,872414.226,1.0
Laptev,2011,5,870194.76,0.997
Laptev,2011,6,764072.917,0.876
Laptev,2011,7,405051.149,0.464
Laptev,2011,8,106830.496,0.122
Laptev,2011,9,46853.62,0.054
Laptev,2011,10,334199.321,0.383
Laptev,2011,11,872414.226,1.0
Laptev,2011,12,872414.226,1.0
Laptev,2012,1,872414.226,1.0
Laptev,2012,2,872414.226,1.0
Laptev,2012,3,872414.226,1.0
Laptev,2012,4,872414.226,1.0
Laptev,2012,5,865254.371,0.992
Laptev,2012,6,811515.59,0.93
Laptev,2012,7,497727.743,0.571
Laptev,2012,8,189453.036,0.217
Laptev,2012,9,68938.178,0.079
Laptev,2012,10,437483.616,0.501
Laptev,2012,11,872348.606,1.0
Laptev,2012,12,872414.226,1.0
Laptev,2013,1,872414.226,1.0
Laptev,2013,2,872414.226,1.0
Laptev,2013,3,872414.226,1.0
Laptev,2013,4,872414.226,1.0
Laptev,2013,5,854288.947,0.979
Laptev,2013,6,779490.954,0.893
Laptev,2013,7,559986.735,0.642
Laptev,2013,8,326222.924,0.374
Laptev,2013,9,101169.828,0.116
Laptev,2013,10,641818.945,0.736
Laptev,2013,11,872414.226,1.0
Laptev,2013,12,872414.226,1.0
Laptev,2014,1,872414.226,1.0
Laptev,2014,2,872414.226,1.0
Laptev,2014,3,872414.226,1.0
Laptev,2014,4,872414.226,1.0
Laptev,2014,5,863848.34,0.99
Laptev,2014,6,730407.897,0.837
Laptev,2014,7,385120.447,0.441
Laptev,2014,8,75051.875,0.086
Laptev,2014,9,11666.085,0.013
Laptev,2014,10,371661.555,0.426
Laptev,2014,11,872414.226,1.0
Laptev,2014,12,872414.226,1.0
Laptev,2015,1,872414.226,1.0
Laptev,2015,2,872414.226,1.0
Laptev,2015,3,872414.226,1.0
Laptev,2015,4,872414.226,1.0
Laptev,2015,5,872393.57,1.0
Laptev,2015,6,853605.687,0.978
Laptev,2015,7,612965.04,0.703
Laptev,2015,8,247987.512,0.284
Laptev,2015,9,93094.507,0.107
Laptev,2015,10,588058.457,0.674
Laptev,2015,11,872414.226,1.0
Laptev,2015,12,872414.226,1.0
Laptev,2016,1,872414.226,1.0
Laptev,2016,2,872414.226,1.0
Laptev,2016,3,872414.226,1.0
Laptev,2016,4,872414.226,1.0
Laptev,2016,5,872372.665,1.0
Laptev,2016,6,869035.636,0.996
Laptev,2016,7,819054.511,0.939
Laptev,2016,8,501635.109,0.575
Laptev,2016,9,317646.679,0.364
Laptev,2016,10,504934.935,0.579
Laptev,2016,11,864400.921,0.991
Laptev,2016,12,872414.226,1.0
Laptev,2017,1,872414.226,1.0
Laptev,2017,2,872414.226,1.0
Laptev,2017,3,872414.226,1.0
Laptev,2017,4,872414.226,1.0
Laptev,2017,5,871537.939,0.999
Laptev,2017,6,838227.557,0.961
Laptev,2017,7,696478.884,0.798
Laptev,2017,8,381701.192,0.438
Laptev,2017,9,306039.052,0.351
Laptev,2017,10,731695.606,0.839
Laptev,2017,11,872414.226,1.0
Laptev,2017,12,872414.226,1.0
Laptev,2018,1,872414.226,1.0
Laptev,2018,2,872414.226,1.0
Laptev,2018,3,872414.226,1.0
Laptev,2018,4,872414.226,1.0
Laptev,2018,5,866694.289,0.993
Laptev,2018,6,746500.422,0.856
Laptev,2018,7,474552.229,0.544
Laptev,2018,8,142276.418,0.163
Laptev,2018,9,48486.847,0.056
Laptev,2018,10,210752.61,0.242
Laptev,2018,11,868837.577,0.996
Laptev,2018,12,872414.226,1.0
Laptev,2019,1,872414.226,1.0
Laptev,2019,2,872414.226,1.0
Laptev,2019,3,872414.226,1.0
Laptev,2019,4,872414.226,1.0
Laptev,2019,5,861411.373,0.987
Laptev,2019,6,745416.035,0.854
Laptev,2019,7,421717.512,0.483
Laptev,2019,8,188487.664,0.216
Laptev,2019,9,108802.49,0.125
Laptev,2019,10,347275.062,0.398
Laptev,2019,11,870856.307,0.998
Laptev,2019,12,872414.226,1.0
Laptev,2020,1,872414.226,1.0
Laptev,2020,2,872414.226,1.0
Laptev,2020,3,872414.226,1.0
Laptev,2020,4,870207.889,0.997
Laptev,2020,5,864533.942,0.991
Laptev,2020,6,724331.127,0.83
Laptev,2020,7,219288.171,0.251
Laptev,2020,8,58181.74,0.067
Laptev,2020,9,9483.66,0.011
Laptev,2020,10,65312.408,0.075
Laptev,2020,11,796190.084,0.913
Laptev,2020,12,872414.226,1.0
Laptev,2021,1,872414.226,1.0
Laptev,2021,2,872414.226,1.0
Laptev,2021,3,872414.226,1.0
Laptev,2021,4,872414.226,1.0
Laptev,2021,5,854538.687,0.98
Laptev,2021,6,693915.157,0.795
Laptev,2021,7,299438.472,0.343
Laptev,2021,8,52433.963,0.06
Laptev,2021,9,57380.06,0.066
Laptev,2021,10,422893.685,0.485
Laptev,2021,11,872414.226,1.0
Laptev,2021,12,872414.226,1.0
Laptev,2022,1,872414.226,1.0
Laptev,2022,2,872414.226,1.0
Laptev,2022,3,872414.226,1.0
Laptev,2022,4,872414.226,1.0
Laptev,2022,5,862268.376,0.988
Laptev,2022,6,760306.225,0.871
Laptev,2022,7,561805.928,0.644
Laptev,2022,8,342100.284,0.392
Laptev,2022,9,258115.136,0.296
Laptev,2022,10,569061.426,0.652
Laptev,2022,11,872414.226,1.0
Laptev,2022,12,872414.226,1.0
Laptev,2023,1,872414.226,1.0
Laptev,2023,2,872414.226,1.0
Laptev,2023,3,872414.226,1.0
Laptev,2023,4,872414.226,1.0
Laptev,2023,5,869301.367,0.996
Laptev,2023,6,827663.523,0.949
Laptev,2023,7,631118.104,0.723
Laptev,2023,8,419139.285,0.48
Laptev,2023,9,377083.798,0.432
Laptev,2023,10,617507.682,0.708
Laptev,2023,11,872414.226,1.0
Laptev,2023,12,872414.226,1.0
Laptev,2024,1,872414.226,1.0
Laptev,2024,2,872414.226,1.0
Laptev,2024,3,872414.226,1.0
Laptev,2024,4,872414.226,1.0
Laptev,2024,5,872393.121,1.0
Laptev,2024,6,791496.992,0.907
Laptev,2024,7,376172.361,0.431
Laptev,2024,8,278801.953,0.32
Laptev,2024,9,221565.91,0.254
Laptev,2024,10,558906.903,0.641
Laptev,2024,11,872157.535,1.0
Laptev,2024,12,872414.226,1.0
Laptev,2025,1,872414.226,1.0
Laptev,2025,2,872414.226,1.0
Laptev,2025,3,872414.226,1.0
Laptev,2025,4,872414.226,1.0
Laptev,2025,5,818154.621,0.938
Laptev,2025,6,746161.567,0.855
Laptev,2025,7,559209.607,0.641
Laptev,2025,8,254913.349,0.292
Laptev,2025,9,257729.857,0.295
Laptev,2025,10,433666.099,0.497
Laptev,2025,11,872261.158,1.0
Laptev,2025,12,872414.226,1.0
Laptev,2026,1,872414.226,1.0
Laptev,2026,2,872414.226,1.0
Laptev,2026,3,872414.226,1.0
Laptev,2026,4,872414.226,1.0
Laptev,2026,5,858753.538,0.984
Laptev,2026,6,843528.371,0.967
Laptev,2026,7,624917.641,0.716
Laptev,2026,8,338397.458,0.388
Okhotsk,1978,11,62808.274,0.04
Okhotsk,1978,12,508314.173,0.326
Okhotsk,1979,1,1331383.907,0.855
Okhotsk,1979,2,1489588.82,0.957
Okhotsk,1979,3,1557040.313,1.0
Okhotsk,1979,4,1317552.289,0.846
Okhotsk,1979,5,455053.378,0.292
Okhotsk,1979,6,92719.939,0.06
Okhotsk,1979,7,0.0,0.0
Okhotsk,1979,8,0.0,0.0
Okhotsk,1979,9,0.0,0.0
Okhotsk,1979,10,39773.869,0.026
Okhotsk,1979,11,111626.766,0.072
Okhotsk,1979,12,521691.005,0.335
Okhotsk,1980,1,1019653.214,0.655
Okhotsk,1980,2,1384674.018,0.889
Okhotsk,1980,3,1427652.921,0.917
Okhotsk,1980,4,1287388.747,0.827
Okhotsk,1980,5,626577.653,0.402
Okhotsk,1980,6,144663.793,0.093
Okhotsk,1980,7,0.0,0.0
Okhotsk,1980,8,0.0,0.0
Okhotsk,1980,9,0.0,0.0
Okhotsk,1980,10,31895.64,0.02
Okhotsk,1980,11,80676.968,0.052
Okhotsk,1980,12,269746.7,0.173
Okhotsk,1981,1,754332.799,0.484
Okhotsk,1981,2,1213588.951,0.779
Okhotsk,1981,3,1308708.637,0.841
Okhotsk,1981,4,976907.321,0.627
Okhotsk,1981,5,235586.087,0.151
Okhotsk,1981,6,71065.616,0.046
Okhotsk,1981,7,0.0,0.0
Okhotsk,1981,8,0.0,0.0
Okhotsk,1981,9,0.0,0.0
Okhotsk,1981,10,37581.392,0.024
Okhotsk,1981,11,67168.833,0.043
Okhotsk,1981,12,303618.369,0.195
Okhotsk,1982,1,913020.636,0.586
Okhotsk,1982,2,1204306.802,0.773
Okhotsk,1982,3,1296566.504,0.833
Okhotsk,1982,4,1062017.22,0.682
Okhotsk,1982,5,408076.67,0.262
Okhotsk,1982,6,83465.5,0.054
Okhotsk,1982,7,0.0,0.0
Okhotsk,1982,8,0.0,0.0
Okhotsk,1982,9,0.0,0.0
Okhotsk,1982,10,36261.485,0.023
Okhotsk,1982,11,85568.531,0.055
Okhotsk,1982,12,561451.698,0.361
Okhotsk,1983,1,923788.669,0.593
Okhotsk,1983,2,1359225.032,0.873
Okhotsk,1983,3,1362583.311,0.875
Okhotsk,1983,4,877508.289,0.564
Okhotsk,1983,5,229534.919,0.147
Okhotsk,1983,6,96977.448,0.062
Okhotsk,1983,7,0.0,0.0
Okhotsk,1983,8,0.0,0.0
Okhotsk,1983,9,0.0,0.0
Okhotsk,1983,10,45867.647,0.029
Okhotsk,1983,11,65314.668,0.042
Okhotsk,1983,12,260848.965,0.168
Okhotsk,1984,1,616110.372,0.396
Okhotsk,1984,2,821842.192,0.528
Okhotsk,1984,3,881523.623,0.566
Okhotsk,1984,4,728338.453,0.468
Okhotsk,1984,5,201196.453,0.129
Okhotsk,1984,6,91749.388,0.059
Okhotsk,1984,7,0.0,0.0
Okhotsk,1984,8,0.0,0.0
Okhotsk,1984,9,0.0,0.0
Okhotsk,1984,10,34093.157,0.022
Okhotsk,1984,11,89679.161,0.058
Okhotsk,1984,12,473872.001,0.304
Okhotsk,1985,1,992464.945,0.637
Okhotsk,1985,2,1144843.514,0.735
Okhotsk,1985,3,1226691.511,0.788
Okhotsk,1985,4,791869.479,0.509
Okhotsk,1985,5,451311.639,0.29
Okhotsk,1985,6,122317.603,0.079
Okhotsk,1985,7,0.0,0.0
Okhotsk,1985,8,0.0,0.0
Okhotsk,1985,9,0.0,0.0
Okhotsk,1985,10,34681.134,0.022
Okhotsk,1985,11,64082.019,0.041
Okhotsk,1985,12,331526.354,0.213
Okhotsk,1986,1,865254.215,0.556
Okhotsk,1986,2,1238428.547,0.795
Okhotsk,1986,3,1233599.669,0.792
Okhotsk,1986,4,807585.641,0.519
Okhotsk,1986,5,210035.64,0.135
Okhotsk,1986,6,76458.575,0.049
Okhotsk,1986,7,0.0,0.0
Okhotsk,1986,8,0.0,0.0
Okhotsk,1986,9,0.0,0.0
Okhotsk,1986,10,36526.874,0.023
Okhotsk,1986,11,65916.265,0.042
Okhotsk,1986,12,293800.464,0.189
Okhotsk,1987,1,936449.115,0.601
Okhotsk,1987,2,1272915.621,0.818
Okhotsk,1987,3,1074878.08,0.69
Okhotsk,1987,4,796337.498,0.511
Okhotsk,1987,5,240859.811,0.155
Okhotsk,1987,6,96544.796,0.062
Okhotsk,1987,7,0.0,0.0
Okhotsk,1987,8,0.0,0.0
Okhotsk,1987,9,0.0,0.0
Okhotsk,1987,10,34919.868,0.022
Okhotsk,1987,11,69084.841,0.044
Okhotsk,1988,2,1165733.98,0.749
Okhotsk,1988,3,1267527.299,0.814
Okhotsk,1988,4,794499.009,0.51
Okhotsk,1988,5,287526.644,0.185
Okhotsk,1988,6,91123.725,0.059
Okhotsk,1988,7,0.0,0.0
Okhotsk,1988,8,0.0,0.0
Okhotsk,1988,9,0.0,0.0
Okhotsk,1988,10,32793.05,0.021
Okhotsk,1988,11,66194.544,0.043
Okhotsk,1988,12,182088.483,0.117
Okhotsk,1989,1,668419.426,0.429
Okhotsk,1989,2,1063563.593,0.683
Okhotsk,1989,3,1022348.338,0.657
Okhotsk,1989,4,610095.335,0.392
Okhotsk,1989,5,203111.773,0.13
Okhotsk,1989,6,87931.696,0.056
Okhotsk,1989,7,0.0,0.0
Okhotsk,1989,8,0.0,0.0
Okhotsk,1989,9,0.0,0.0
Okhotsk,1989,10,39646.337,0.025
Okhotsk,1989,11,73408.282,0.047
Okhotsk,1989,12,297180.327,0.191
Okhotsk,1990,1,742748.246,0.477
Okhotsk,1990,2,1155306.202,0.742
Okhotsk,1990,3,1166566.598,0.749
Okhotsk,1990,4,629003.963,0.404
Okhotsk,1990,5,175957.505,0.113
Okhotsk,1990,6,74145.912,0.048
Okhotsk,1990,7,0.0,0.0
Okhotsk,1990,8,0.0,0.0
Okhotsk,1990,9,0.0,0.0
Okhotsk,1990,10,51949.626,0.033
Okhotsk,1990,11,83065.799,0.053
Okhotsk,1990,12,266542.732,0.171
Okhotsk,1991,1,499873.395,0.321
Okhotsk,1991,2,720903.768,0.463
Okhotsk,1991,3,944476.224,0.607
Okhotsk,1991,4,716202.496,0.46
Okhotsk,1991,5,190586.361,0.122
Okhotsk,1991,6,88742.318,0.057
Okhotsk,1991,7,0.0,0.0
Okhotsk,1991,8,0.0,0.0
Okhotsk,1991,9,0.0,0.0
Okhotsk,1991,10,42868.398,0.028
Okhotsk,1991,11,69789.742,0.045
Okhotsk,1991,12,248043.959,0.159
Okhotsk,1992,1,817187.554,0.525
Okhotsk,1992,2,1099702.306,0.706
Okhotsk,1992,3,1057056.981,0.679
Okhotsk,1992,4,665915.233,0.428
Okhotsk,1992,5,225985.356,0.145
Okhotsk,1992,6,81526.164,0.052
Okhotsk,1992,7,0.0,0.0
Okhotsk,1992,8,0.0,0.0
Okhotsk,1992,9,0.0,0.0
Okhotsk,1992,10,43320.124,0.028
Okhotsk,1992,11,86784.88,0.056
Okhotsk,1992,12,412274.03,0.265
Okhotsk,1993,1,845081.887,0.543
Okhotsk,1993,2,1119362.579,0.719
Okhotsk,1993,3,1168045.321,0.75
Okhotsk,1993,4,812281.864,0.522
Okhotsk,1993,5,224069.043,0.144
Okhotsk,1993,6,82541.408,0.053
Okhotsk,1993,7,0.0,0.0
Okhotsk,1993,8,0.0,0.0
Okhotsk,1993,9,0.0,0.0
Okhotsk,1993,10,45660.449,0.029
Okhotsk,1993,11,75871.868,0.049
Okhotsk,1993,12,456201.205,0.293
Okhotsk,1994,1,889896.367,0.572
Okhotsk,1994,2,1075910.6,0.691
Okhotsk,1994,3,904737.113,0.581
Okhotsk,1994,4,691340.732,0.444
Okhotsk,1994,5,306876.353,0.197
Okhotsk,1994,6,153167.94,0.098
Okhotsk,1994,7,0.0,0.0
Okhotsk,1994,8,0.0,0.0
Okhotsk,1994,9,0.0,0.0
Okhotsk,1994,10,47744.572,0.031
Okhotsk,1994,11,96689.372,0.062
Okhotsk,1994,12,435208.688,0.28
Okhotsk,1995,1,890227.964,0.572
Okhotsk,1995,2,1023279.132,0.657
Okhotsk,1995,3,1033959.649,0.664
Okhotsk,1995,4,783540.0,0.503
Okhotsk,1995,5,283762.483,0.182
Okhotsk,1995,6,97018.974,0.062
Okhotsk,1995,7,0.0,0.0
Okhotsk,1995,8,0.0,0.0
Okhotsk,1995,9,0.0,0.0
Okhotsk,1995,10,37201.619,0.024
Okhotsk,1995,11,81602.478,0.052
Okhotsk,1995,12,169962.3,0.109
Okhotsk,1996,1,487830.451,0.313
Okhotsk,1996,2,807849.153,0.519
Okhotsk,1996,3,1056605.645,0.679
Okhotsk,1996,4,537843.472,0.345
Okhotsk,1996,5,156041.042,0.1
Okhotsk,1996,6,76531.88,0.049
Okhotsk,1996,7,0.0,0.0
Okhotsk,1996,8,0.0,0.0
Okhotsk,1996,9,0.0,0.0
Okhotsk,1996,10,49005.003,0.031
Okhotsk,1996,11,66983.237,0.043
Okhotsk,1996,12,299575.612,0.192
Okhotsk,1997,1,630980.18,0.405
Okhotsk,1997,2,898514.091,0.577
Okhotsk,1997,3,965466.287,0.62
Okhotsk,1997,4,488025.123,0.313
Okhotsk,1997,5,131337.291,0.084
Okhotsk,1997,6,67845.1,0.044
Okhotsk,1997,7,0.0,0.0
Okhotsk,1997,8,0.0,0.0
Okhotsk,1997,9,0.0,0.0
Okhotsk,1997,10,47101.344,0.03
Okhotsk,1997,11,45208.998,0.029
Okhotsk,1997,12,297120.961,0.191
Okhotsk,1998,1,778279.962,0.5
Okhotsk,1998,2,1141280.533,0.733
Okhotsk,1998,3,1203410.701,0.773
Okhotsk,1998,4,803237.023,0.516
Okhotsk,1998,5,313429.14,0.201
Okhotsk,1998,6,89429.681,0.057
Okhotsk,1998,7,0.0,0.0
Okhotsk,1998,8,0.0,0.0
Okhotsk,1998,9,0.0,0.0
Okhotsk,1998,10,31736.316,0.02
Okhotsk,1998,11,88304.297,0.057
Okhotsk,1998,12,561656.873,0.361
Okhotsk,1999,1,775982.742,0.498
Okhotsk,1999,2,1087063.48,0.698
Okhotsk,1999,3,1203888.215,0.773
Okhotsk,1999,4,1044296.082,0.671
Okhotsk,1999,5,400958.328,0.258
Okhotsk,1999,6,118541.057,0.076
Okhotsk,1999,7,0.0,0.0
Okhotsk,1999,8,0.0,0.0
Okhotsk,1999,9,0.0,0.0
Okhotsk,1999,10,41015.925,0.026
Okhotsk,1999,11,58291.94,0.037
Okhotsk,1999,12,243067.352,0.156
Okhotsk,2000,1,645459.135,0.415
Okhotsk,2000,2,1223652.658,0.786
Okhotsk,2000,3,1332954.003,0.856
Okhotsk,2000,4,857154.368,0.551
Okhotsk,2000,5,224851.143,0.144
Okhotsk,2000,6,69954.756,0.045
Okhotsk,2000,7,0.0,0.0
Okhotsk,2000,8,0.0,0.0
Okhotsk,2000,9,0.0,0.0
Okhotsk,2000,10,37389.625,0.024
Okhotsk,2000,11,89972.11,0.058
Okhotsk,2000,12,515485.109,0.331
Okhotsk,2001,1,1007319.485,0.647
Okhotsk,2001,2,1468192.107,0.943
Okhotsk,2001,3,1487966.513,0.956
Okhotsk,2001,4,1010019.441,0.649
Okhotsk,2001,5,514258.086,0.33
Okhotsk,2001,6,142489.53,0.092
Okhotsk,2001,7,0.0,0.0
Okhotsk,2001,8,0.0,0.0
Okhotsk,2001,9,0.0,0.0
Okhotsk,2001,10,34571.267,0.022
Okhotsk,2001,11,58307.228,0.037
Okhotsk,2001,12,366280.871,0.235
Okhotsk,2002,1,827314.091,0.531
Okhotsk,2002,2,1183557.063,0.76
Okhotsk,2002,3,1288966.72,0.828
Okhotsk,2002,4,882138.642,0.567
Okhotsk,2002,5,258756.109,0.166
Okhotsk,2002,6,64234.638,0.041
Okhotsk,2002,7,0.0,0.0
Okhotsk,2002,8,0.0,0.0
Okhotsk,2002,9,0.0,0.0
Okhotsk,2002,10,34873.092,0.022
Okhotsk,2002,11,63166.58,0.041
Okhotsk,2002,12,340892.003,0.219
Okhotsk,2003,1,938178.432,0.603
Okhotsk,2003,2,1173095.214,0.753
Okhotsk,2003,3,1213960.872,0.78
Okhotsk,2003,4,840951.694,0.54
Okhotsk,2003,5,202579.593,0.13
Okhotsk,2003,6,71169.148,0.046
Okhotsk,2003,7,0.0,0.0
Okhotsk,2003,8,0.0,0.0
Okhotsk,2003,9,0.0,0.0
Okhotsk,2003,10,32941.945,0.021
Okhotsk,2003,11,61181.782,0.039
Okhotsk,2003,12,369475.198,0.237
Okhotsk,2004,1,824903.796,0.53
Okhotsk,2004,2,1053927.561,0.677
Okhotsk,2004,3,1032047.711,0.663
Okhotsk,2004,4,583204.499,0.375
Okhotsk,2004,5,183655.28,0.118
Okhotsk,2004,6,78031.13,0.05
Okhotsk,2004,7,0.0,0.0
Okhotsk,2004,8,0.0,0.0
Okhotsk,2004,9,0.0,0.0
Okhotsk,2004,10,29682.074,0.019
Okhotsk,2004,11,51755.08,0.033
Okhotsk,2004,12,353268.071,0.227
Okhotsk,2005,1,707105.131,0.454
Okhotsk,2005,2,895913.877,0.575
Okhotsk,2005,3,919748.836,0.591
Okhotsk,2005,4,587343.183,0.377
Okhotsk,2005,5,261089.97,0.168
Okhotsk,2005,6,96561.034,0.062
Okhotsk,2005,7,0.0,0.0
Okhotsk,2005,8,0.0,0.0
Okhotsk,2005,9,0.0,0.0
Okhotsk,2005,10,36391.921,0.023
Okhotsk,2005,11,54977.829,0.035
Okhotsk,2005,12,180006.17,0.116
Okhotsk,2006,1,528829.46,0.34
Okhotsk,2006,2,836673.093,0.537
Okhotsk,2006,3,845614.13,0.543
Okhotsk,2006,4,625431.413,0.402
Okhotsk,2006,5,222593.533,0.143
Okhotsk,2006,6,77851.535,0.05
Okhotsk,2006,7,0.0,0.0
Okhotsk,2006,8,0.0,0.0
Okhotsk,2006,9,0.0,0.0
Okhotsk,2006,10,33541.691,0.022
Okhotsk,2006,11,51541.542,0.033
Okhotsk,2006,12,325702.037,0.209
Okhotsk,2007,1,805773.272,0.518
Okhotsk,2007,2,1102088.563,0.708
Okhotsk,2007,3,951692.352,0.611
Okhotsk,2007,4,584868.514,0.376
Okhotsk,2007,5,215068.492,0.138
Okhotsk,2007,6,69231.482,0.044
Okhotsk,2007,7,0.0,0.0
Okhotsk,2007,8,0.0,0.0
Okhotsk,2007,9,0.0,0.0
Okhotsk,2007,10,33463.93,0.021
Okhotsk,2007,11,47739.811,0.031
Okhotsk,2007,12,229326.26,0.147
Okhotsk,2008,1,707690.318,0.455
Okhotsk,2008,2,1099405.323,0.706
Okhotsk,2008,3,923272.477,0.593
Okhotsk,2008,4,596841.319,0.383
Okhotsk,2008,5,242323.231,0.156
Okhotsk,2008,6,69163.717,0.044
Okhotsk,2008,7,0.0,0.0
Okhotsk,2008,8,0.0,0.0
Okhotsk,2008,9,0.0,0.0
Okhotsk,2008,10,40329.77,0.026
Okhotsk,2008,11,62208.65,0.04
Okhotsk,2008,12,202932.128,0.13
Okhotsk,2009,1,514598.578,0.33
Okhotsk,2009,2,873454.085,0.561
Okhotsk,2009,3,872021.396,0.56
Okhotsk,2009,4,524071.487,0.337
Okhotsk,2009,5,272192.296,0.175
Okhotsk,2009,6,75705.968,0.049
Okhotsk,2009,7,0.0,0.0
Okhotsk,2009,8,0.0,0.0
Okhotsk,2009,9,0.0,0.0
Okhotsk,2009,10,43339.214,0.028
Okhotsk,2009,11,57580.493,0.037
Okhotsk,2009,12,274477.464,0.176
Okhotsk,2010,1,618616.262,0.397
Okhotsk,2010,2,912871.175,0.586
Okhotsk,2010,3,1108606.518,0.712
Okhotsk,2010,4,886169.97,0.569
Okhotsk,2010,5,319185.65,0.205
Okhotsk,2010,6,83664.868,0.054
Okhotsk,2010,7,0.0,0.0
Okhotsk,2010,8,0.0,0.0
Okhotsk,2010,9,0.0,0.0
Okhotsk,2010,10,34895.422,0.022
Okhotsk,2010,11,57373.092,0.037
Okhotsk,2010,12,196211.263,0.126
Okhotsk,2011,1,550726.556,0.354
Okhotsk,2011,2,876450.952,0.563
Okhotsk,2011,3,961428.151,0.617
Okhotsk,2011,4,697230.172,0.448
Okhotsk,2011,5,239971.36,0.154
Okhotsk,2011,6,70188.596,0.045
Okhotsk,2011,7,0.0,0.0
Okhotsk,2011,8,0.0,0.0
Okhotsk,2011,9,0.0,0.0
Okhotsk,2011,10,44719.378,0.029
Okhotsk,2011,11,72838.986,0.047
Okhotsk,2011,12,377921.583,0.243
Okhotsk,2012,1,700787.865,0.45
Okhotsk,2012,2,1039022.702,0.667
Okhotsk,2012,3,1191668.973,0.765
Okhotsk,2012,4,824934.852,0.53
Okhotsk,2012,5,275093.991,0.177
Okhotsk,2012,6,80580.326,0.052
Okhotsk,2012,7,0.0,0.0
Okhotsk,2012,8,0.0,0.0
Okhotsk,2012,9,0.0,0.0
Okhotsk,2012,10,53064.125,0.034
Okhotsk,2012,11,63267.836,0.041
Okhotsk,2012,12,212788.272,0.137
Okhotsk,2013,1,726586.656,0.467
Okhotsk,2013,2,980998.78,0.63
Okhotsk,2013,3,1091622.992,0.701
Okhotsk,2013,4,614560.298,0.395
Okhotsk,2013,5,293902.966,0.189
Okhotsk,2013,6,115988.478,0.074
Okhotsk,2013,7,0.0,0.0
Okhotsk,2013,8,0.0,0.0
Okhotsk,2013,9,0.0,0.0
Okhotsk,2013,10,36579.356,0.023
Okhotsk,2013,11,70013.532,0.045
Okhotsk,2013,12,141770.03,0.091
Okhotsk,2014,1,573971.98,0.369
Okhotsk,2014,2,926184.184,0.595
Okhotsk,2014,3,918570.434,0.59
Okhotsk,2014,4,531201.443,0.341
Okhotsk,2014,5,145800.671,0.094
Okhotsk,2014,6,62358.023,0.04
Okhotsk,2014,7,0.0,0.0
Okhotsk,2014,8,0.0,0.0
Okhotsk,2014,9,0.0,0.0
Okhotsk,2014,10,50950.588,0.033
Okhotsk,2014,11,65362.32,0.042
Okhotsk,2014,12,264858.619,0.17
Okhotsk,2015,1,575263.37,0.369
Okhotsk,2015,2,688741.28,0.442
Okhotsk,2015,3,658904.442,0.423
Okhotsk,2015,4,575521.746,0.37
Okhotsk,2015,5,215147.32,0.138
Okhotsk,2015,6,90045.811,0.058
Okhotsk,2015,7,0.0,0.0
Okhotsk,2015,8,0.0,0.0
Okhotsk,2015,9,0.0,0.0
Okhotsk,2015,10,51723.665,0.033
Okhotsk,2015,11,66943.602,0.043
Okhotsk,2015,12,235460.672,0.151
Okhotsk,2016,1,666707.674,0.428
Okhotsk,2016,2,1076590.826,0.691
Okhotsk,2016,3,1081967.383,0.695
Okhotsk,2016,4,652956.745,0.419
Okhotsk,2016,5,219761.427,0.141
Okhotsk,2016,6,76848.016,0.049
Okhotsk,2016,7,0.0,0.0
Okhotsk,2016,8,0.0,0.0
Okhotsk,2016,9,0.0,0.0
Okhotsk,2016,10,46248.4,0.03
Okhotsk,2016,11,87447.705,0.056
Okhotsk,2016,12,390106.131,0.251
Okhotsk,2017,1,785991.573,0.505
Okhotsk,2017,2,950613.012,0.611
Okhotsk,2017,3,779609.118,0.501
Okhotsk,2017,4,458689.775,0.295
Okhotsk,2017,5,156776.037,0.101
Okhotsk,2017,6,71682.874,0.046
Okhotsk,2017,7,0.0,0.0
Okhotsk,2017,8,0.0,0.0
Okhotsk,2017,9,0.0,0.0
Okhotsk,2017,10,41131.319,0.026
Okhotsk,2017,11,68022.959,0.044
Okhotsk,2017,12,342970.061,0.22
Okhotsk,2018,1,665766.234,0.428
Okhotsk,2018,2,945967.285,0.608
Okhotsk,2018,3,1124576.976,0.722
Okhotsk,2018,4,791200.019,0.508
Okhotsk,2018,5,182261.008,0.117
Okhotsk,2018,6,62919.555,0.04
Okhotsk,2018,7,0.0,0.0
Okhotsk,2018,8,0.0,0.0
Okhotsk,2018,9,0.0,0.0
Okhotsk,2018,10,44354.056,0.028
Okhotsk,2018,11,60878.998,0.039
Okhotsk,2018,12,230296.109,0.148
Okhotsk,2019,1,673499.245,0.433
Okhotsk,2019,2,1103262.291,0.709
Okhotsk,2019,3,1198304.292,0.77
Okhotsk,2019,4,579669.541,0.372
Okhotsk,2019,5,150012.807,0.096
Okhotsk,2019,6,69122.179,0.044
Okhotsk,2019,7,0.0,0.0
Okhotsk,2019,8,0.0,0.0
Okhotsk,2019,9,0.0,0.0
Okhotsk,2019,10,43193.797,0.028
Okhotsk,2019,11,82076.313,0.053
Okhotsk,2019,12,251762.082,0.162
Okhotsk,2020,1,725353.239,0.466
Okhotsk,2020,2,1053560.737,0.677
Okhotsk,2020,3,1027793.147,0.66
Okhotsk,2020,4,522566.692,0.336
Okhotsk,2020,5,176155.245,0.113
Okhotsk,2020,6,77410.677,0.05
Okhotsk,2020,7,0.0,0.0
Okhotsk,2020,8,0.0,0.0
Okhotsk,2020,9,0.0,0.0
Okhotsk,2020,10,48532.434,0.031
Okhotsk,2020,11,62348.537,0.04
Okhotsk,2020,12,269860.084,0.173
Okhotsk,2021,1,832022.773,0.534
Okhotsk,2021,2,1020071.242,0.655
Okhotsk,2021,3,1134338.374,0.729
Okhotsk,2021,4,703811.214,0.452
Okhotsk,2021,5,253727.176,0.163
Okhotsk,2021,6,90378.245,0.058
Okhotsk,2021,7,0.0,0.0
Okhotsk,2021,8,0.0,0.0
Okhotsk,2021,9,0.0,0.0
Okhotsk,2021,10,39677.454,0.025
Okhotsk,2021,11,66742.909,0.043
Okhotsk,2021,12,293583.174,0.189
Okhotsk,2022,1,620748.736,0.399
Okhotsk,2022,2,766735.127,0.492
Okhotsk,2022,3,780956.724,0.502
Okhotsk,2022,4,523097.19,0.336
Okhotsk,2022,5,165280.953,0.106
Okhotsk,2022,6,74236.74,0.048
Okhotsk,2022,7,0.0,0.0
Okhotsk,2022,8,0.0,0.0
Okhotsk,2022,9,0.0,0.0
Okhotsk,2022,10,39152.655,0.025
Okhotsk,2022,11,63282.686,0.041
Okhotsk,2022,12,305214.184,0.196
Okhotsk,2023,1,665924.137,0.428
Okhotsk,2023,2,990159.931,0.636
Okhotsk,2023,3,922468.694,0.592
Okhotsk,2023,4,576093.449,0.37
Okhotsk,2023,5,213980.824,0.137
Okhotsk,2023,6,80706.285,0.052
Okhotsk,2023,7,0.0,0.0
Okhotsk,2023,8,0.0,0.0
Okhotsk,2023,9,0.0,0.0
Okhotsk,2023,10,49537.295,0.032
Okhotsk,2023,11,69547.332,0.045
Okhotsk,2023,12,331265.253,0.213
Okhotsk,2024,1,817394.541,0.525
Okhotsk,2024,2,1132994.065,0.728
Okhotsk,2024,3,1151268.356,0.739
Okhotsk,2024,4,469287.205,0.301
Okhotsk,2024,5,146560.071,0.094
Okhotsk,2024,6,75225.708,0.048
Okhotsk,2024,7,0.0,0.0
Okhotsk,2024,8,0.0,0.0
Okhotsk,2024,9,0.0,0.0
Okhotsk,2024,10,47223.176,0.03
Okhotsk,2024,11,67106.593,0.043
Okhotsk,2024,12,184610.226,0.119
Okhotsk,2025,1,532754.041,0.342
Okhotsk,2025,2,738294.124,0.474
Okhotsk,2025,3,819850.304,0.527
Okhotsk,2025,4,526249.682,0.338
Okhotsk,2025,5,165448.408,0.106
Okhotsk,2025,6,57259.748,0.037
Okhotsk,2025,7,15157.945,0.01
Okhotsk,2025,8,17137.896,0.011
Okhotsk,2025,9,2506.428,0.002
Okhotsk,2025,10,26792.864,0.017
Okhotsk,2025,11,57004.266,0.037
Okhotsk,2025,12,248523.307,0.16
Okhotsk,2026,1,508867.721,0.327
Okhotsk,2026,2,743261.895,0.477
Okhotsk,2026,3,577199.792,0.371
Okhotsk,2026,4,353903.905,0.227
Okhotsk,2026,5,147895.882,0.095
Okhotsk,2026,6,61769.728,0.04
Okhotsk,2026,7,15460.143,0.01
Okhotsk,2026,8,19009.808,0.012
St-Lawrence,1978,11,4997.086,0.017
St-Lawrence,1978,12,30889.921,0.108
St-Lawrence,1979,1,129894.002,0.454
St-Lawrence,1979,2,209284.568,0.732
St-Lawrence,1979,3,198964.698,0.696
St-Lawrence,1979,4,69567.644,0.243
St-Lawrence,1979,5,39950.268,0.14
St-Lawrence,1979,6,9299.037,0.033
St-Lawrence,1979,7,0.0,0.0
St-Lawrence,1979,8,0.0,0.0
St-Lawrence,1979,9,0.0,0.0
St-Lawrence,1979,10,0.0,0.0
St-Lawrence,1979,11,4163.668,0.015
St-Lawrence,1979,12,35715.843,0.125
St-Lawrence,1980,1,83523.083,0.292
St-Lawrence,1980,2,209859.755,0.734
St-Lawrence,1980,3,201507.825,0.705
St-Lawrence,1980,4,68161.551,0.238
St-Lawrence,1980,5,34907.684,0.122
St-Lawrence,1980,6,6438.033,0.023
St-Lawrence,1980,7,0.0,0.0
St-Lawrence,1980,8,0.0,0.0
St-Lawrence,1980,9,0.0,0.0
St-Lawrence,1980,10,0.0,0.0
St-Lawrence,1980,11,3962.027,0.014
St-Lawrence,1980,12,42251.682,0.148
St-Lawrence,1981,1,144651.168,0.506
St-Lawrence,1981,2,192301.575,0.672
St-Lawrence,1981,3,71417.373,0.25
St-Lawrence,1981,4,46018.769,0.161
St-Lawrence,1981,5,35498.289,0.124
St-Lawrence,1981,6,5953.794,0.021
St-Lawrence,1981,7,0.0,0.0
St-Lawrence,1981,8,0.0,0.0
St-Lawrence,1981,9,0.0,0.0
St-Lawrence,1981,10,0.0,0.0
St-Lawrence,1981,11,4085.028,0.014
St-Lawrence,1981,12,27758.715,0.097
St-Lawrence,1982,1,71321.71,0.249
St-Lawrence,1982,2,203890.34,0.713
St-Lawrence,1982,3,234511.573,0.82
St-Lawrence,1982,4,84631.161,0.296
St-Lawrence,1982,5,41695.983,0.146
St-Lawrence,1982,6,6722.607,0.024
St-Lawrence,1982,7,0.0,0.0
St-Lawrence,1982,8,0.0,0.0
St-Lawrence,1982,9,0.0,0.0
St-Lawrence,1982,10,0.0,0.0
St-Lawrence,1982,11,4793.096,0.017
St-Lawrence,1982,12,31893.9,0.112
St-Lawrence,1983,1,97269.839,0.34
St-Lawrence,1983,2,174947.932,0.612
St-Lawrence,1983,3,161648.98,0.565
St-Lawrence,1983,4,77375.331,0.271
St-Lawrence,1983,5,35674.977,0.125
St-Lawrence,1983,6,5990.822,0.021
St-Lawrence,1983,7,0.0,0.0
St-Lawrence,1983,8,0.0,0.0
St-Lawrence,1983,9,0.0,0.0
St-Lawrence,1983,10,0.0,0.0
St-Lawrence,1983,11,5194.343,0.018
St-Lawrence,1983,12,31798.543,0.111
St-Lawrence,1984,1,126374.986,0.442
St-Lawrence,1984,2,225977.72,0.79
St-Lawrence,1984,3,219233.627,0.766
St-Lawrence,1984,4,97757.624,0.342
St-Lawrence,1984,5,45224.342,0.158
St-Lawrence,1984,6,6580.929,0.023
St-Lawrence,1984,7,0.0,0.0
St-Lawrence,1984,8,0.0,0.0
St-Lawrence,1984,9,0.0,0.0
St-Lawrence,1984,10,0.0,0.0
St-Lawrence,1984,11,4219.438,0.015
St-Lawrence,1984,12,30458.636,0.106
St-Lawrence,1985,1,174415.944,0.61
St-Lawrence,1985,2,262808.002,0.919
St-Lawrence,1985,3,254579.881,0.89
St-Lawrence,1985,4,103266.678,0.361
St-Lawrence,1985,5,52065.764,0.182
St-Lawrence,1985,6,5118.298,0.018
St-Lawrence,1985,7,0.0,0.0
St-Lawrence,1985,8,0.0,0.0
St-Lawrence,1985,9,0.0,0.0
St-Lawrence,1985,10,0.0,0.0
St-Lawrence,1985,11,5495.454,0.019
St-Lawrence,1985,12,45591.517,0.159
St-Lawrence,1986,1,186426.082,0.652
St-Lawrence,1986,2,268958.014,0.94
St-Lawrence,1986,3,262913.947,0.919
St-Lawrence,1986,4,103700.685,0.363
St-Lawrence,1986,5,38587.792,0.135
St-Lawrence,1986,6,3484.884,0.012
St-Lawrence,1986,7,0.0,0.0
St-Lawrence,1986,8,0.0,0.0
St-Lawrence,1986,9,0.0,0.0
St-Lawrence,1986,10,0.0,0.0
St-Lawrence,1986,11,4051.916,0.014
St-Lawrence,1986,12,36913.268,0.129
St-Lawrence,1987,1,153021.583,0.535
St-Lawrence,1987,2,244926.587,0.856
St-Lawrence,1987,3,226764.071,0.793
St-Lawrence,1987,4,120165.223,0.42
St-Lawrence,1987,5,32679.583,0.114
St-Lawrence,1987,6,4801.313,0.017
St-Lawrence,1987,7,0.0,0.0
St-Lawrence,1987,8,0.0,0.0
St-Lawrence,1987,9,0.0,0.0
St-Lawrence,1987,10,0.0,0.0
St-Lawrence,1987,11,10712.961,0.037
St-Lawrence,1988,2,241625.773,0.845
St-Lawrence,1988,3,230334.944,0.805
St-Lawrence,1988,4,107686.635,0.376
St-Lawrence,1988,5,52070.946,0.182
St-Lawrence,1988,6,6590.608,0.023
St-Lawrence,1988,7,0.0,0.0
St-Lawrence,1988,8,0.0,0.0
St-Lawrence,1988,9,0.0,0.0
St-Lawrence,1988,10,0.0,0.0
St-Lawrence,1988,11,11158.209,0.039
St-Lawrence,1988,12,46331.916,0.162
St-Lawrence,1989,1,174153.318,0.609
St-Lawrence,1989,2,260837.059,0.912
St-Lawrence,1989,3,260030.992,0.909
St-Lawrence,1989,4,105732.275,0.37
St-Lawrence,1989,5,52969.522,0.185
St-Lawrence,1989,6,7922.496,0.028
St-Lawrence,1989,7,0.0,0.0
St-Lawrence,1989,8,0.0,0.0
St-Lawrence,1989,9,0.0,0.0
St-Lawrence,1989,10,0.0,0.0
St-Lawrence,1989,11,11021.27,0.039
St-Lawrence,1989,12,70381.877,0.246
St-Lawrence,1990,1,225266.958,0.788
St-Lawrence,1990,2,279181.223,0.976
St-Lawrence,1990,3,265450.497,0.928
St-Lawrence,1990,4,132521.378,0.463
St-Lawrence,1990,5,61779.908,0.216
St-Lawrence,1990,6,5481.289,0.019
St-Lawrence,1990,7,0.0,0.0
St-Lawrence,1990,8,0.0,0.0
St-Lawrence,1990,9,0.0,0.0
St-Lawrence,1990,10,0.0,0.0
St-Lawrence,1990,11,10564.845,0.037
St-Lawrence,1990,12,45024.654,0.157
St-Lawrence,1991,1,184675.463,0.646
St-Lawrence,1991,2,264898.879,0.926
St-Lawrence,1991,3,240115.707,0.839
St-Lawrence,1991,4,140954.405,0.493
St-Lawrence,1991,5,48045.509,0.168
St-Lawrence,1991,6,9670.571,0.034
St-Lawrence,1991,7,0.0,0.0
St-Lawrence,1991,8,0.0,0.0
St-Lawrence,1991,9,0.0,0.0
St-Lawrence,1991,10,0.0,0.0
St-Lawrence,1991,11,10598.591,0.037
St-Lawrence,1991,12,41267.844,0.144
St-Lawrence,1992,1,146734.809,0.513
St-Lawrence,1992,2,253281.782,0.886
St-Lawrence,1992,3,285349.012,0.998
St-Lawrence,1992,4,167137.836,0.584
St-Lawrence,1992,5,59660.315,0.209
St-Lawrence,1992,6,5466.636,0.019
St-Lawrence,1992,7,0.0,0.0
St-Lawrence,1992,8,0.0,0.0
St-Lawrence,1992,9,0.0,0.0
St-Lawrence,1992,10,0.0,0.0
St-Lawrence,1992,11,9362.562,0.033
St-Lawrence,1992,12,41677.663,0.146
St-Lawrence,1993,1,177387.819,0.62
St-Lawrence,1993,2,267942.794,0.937
St-Lawrence,1993,3,267284.786,0.934
St-Lawrence,1993,4,187865.963,0.657
St-Lawrence,1993,5,52586.46,0.184
St-Lawrence,1993,6,4436.186,0.016
St-Lawrence,1993,7,0.0,0.0
St-Lawrence,1993,8,0.0,0.0
St-Lawrence,1993,9,0.0,0.0
St-Lawrence,1993,10,0.0,0.0
St-Lawrence,1993,11,9589.923,0.034
St-Lawrence,1993,12,45308.441,0.158
St-Lawrence,1994,1,185543.49,0.649
St-Lawrence,1994,2,280724.635,0.981
St-Lawrence,1994,3,286027.946,1.0
St-Lawrence,1994,4,180062.511,0.63
St-Lawrence,1994,5,62404.767,0.218
St-Lawrence,1994,6,6687.998,0.023
St-Lawrence,1994,7,0.0,0.0
St-Lawrence,1994,8,0.0,0.0
St-Lawrence,1994,9,0.0,0.0
St-Lawrence,1994,10,0.0,0.0
St-Lawrence,1994,11,9207.362,0.032
St-Lawrence,1994,12,39966.234,0.14
St-Lawrence,1995,1,109749.424,0.384
St-Lawrence,1995,2,234737.3,0.821
St-Lawrence,1995,3,249838.724,0.873
St-Lawrence,1995,4,169875.185,0.594
St-Lawrence,1995,5,53778.275,0.188
St-Lawrence,1995,6,5687.929,0.02
St-Lawrence,1995,7,0.0,0.0
St-Lawrence,1995,8,0.0,0.0
St-Lawrence,1995,9,0.0,0.0
St-Lawrence,1995,10,0.0,0.0
St-Lawrence,1995,11,9222.586,0.032
St-Lawrence,1995,12,44493.999,0.156
St-Lawrence,1996,1,109396.429,0.382
St-Lawrence,1996,2,224583.591,0.785
St-Lawrence,1996,3,214724.394,0.751
St-Lawrence,1996,4,80655.265,0.282
St-Lawrence,1996,5,44084.357,0.154
St-Lawrence,1996,6,6576.721,0.023
St-Lawrence,1996,7,0.0,0.0
St-Lawrence,1996,8,0.0,0.0
St-Lawrence,1996,9,0.0,0.0
St-Lawrence,1996,10,0.0,0.0
St-Lawrence,1996,11,9467.441,0.033
St-Lawrence,1996,12,49292.397,0.172
St-Lawrence,1997,1,86836.227,0.304
St-Lawrence,1997,2,214424.273,0.75
St-Lawrence,1997,3,251058.425,0.878
St-Lawrence,1997,4,123968.503,0.433
St-Lawrence,1997,5,52046.942,0.182
St-Lawrence,1997,6,4795.213,0.017
St-Lawrence,1997,7,0.0,0.0
St-Lawrence,1997,8,0.0,0.0
St-Lawrence,1997,9,0.0,0.0
St-Lawrence,1997,10,0.0,0.0
St-Lawrence,1997,11,7336.982,0.026
St-Lawrence,1997,12,36770.166,0.129
St-Lawrence,1998,1,95964.408,0.336
St-Lawrence,1998,2,202341.569,0.707
St-Lawrence,1998,3,126884.562,0.444
St-Lawrence,1998,4,64509.726,0.226
St-Lawrence,1998,5,43375.84,0.152
St-Lawrence,1998,6,5995.975,0.021
St-Lawrence,1998,7,0.0,0.0
St-Lawrence,1998,8,0.0,0.0
St-Lawrence,1998,9,0.0,0.0
St-Lawrence,1998,10,0.0,0.0
St-Lawrence,1998,11,7225.141,0.025
St-Lawrence,1998,12,36899.671,0.129
St-Lawrence,1999,1,108817.132,0.38
St-Lawrence,1999,2,217071.256,0.759
St-Lawrence,1999,3,164522.989,0.575
St-Lawrence,1999,4,70327.771,0.246
St-Lawrence,1999,5,42543.285,0.149
St-Lawrence,1999,6,5495.695,0.019
St-Lawrence,1999,7,0.0,0.0
St-Lawrence,1999,8,0.0,0.0
St-Lawrence,1999,9,0.0,0.0
St-Lawrence,1999,10,0.0,0.0
St-Lawrence,1999,11,7144.862,0.025
St-Lawrence,1999,12,39259.088,0.137
St-Lawrence,2000,1,82842.218,0.29
St-Lawrence,2000,2,186038.192,0.65
St-Lawrence,2000,3,99189.562,0.347
St-Lawrence,2000,4,55933.584,0.196
St-Lawrence,2000,5,43009.418,0.15
St-Lawrence,2000,6,5826.138,0.02
St-Lawrence,2000,7,0.0,0.0
St-Lawrence,2000,8,0.0,0.0
St-Lawrence,2000,9,0.0,0.0
St-Lawrence,2000,10,0.0,0.0
St-Lawrence,2000,11,7612.622,0.027
St-Lawrence,2000,12,43651.579,0.153
St-Lawrence,2001,1,59245.573,0.207
St-Lawrence,2001,2,163277.77,0.571
St-Lawrence,2001,3,158954.505,0.556
St-Lawrence,2001,4,81525.712,0.285
St-Lawrence,2001,5,38084.558,0.133
St-Lawrence,2001,6,6155.511,0.022
St-Lawrence,2001,7,0.0,0.0
St-Lawrence,2001,8,0.0,0.0
St-Lawrence,2001,9,0.0,0.0
St-Lawrence,2001,10,0.0,0.0
St-Lawrence,2001,11,7586.606,0.027
St-Lawrence,2001,12,34180.948,0.12
St-Lawrence,2002,1,64137.28,0.224
St-Lawrence,2002,2,223849.068,0.783
St-Lawrence,2002,3,168085.165,0.588
St-Lawrence,2002,4,53003.274,0.185
St-Lawrence,2002,5,35992.108,0.126
St-Lawrence,2002,6,4951.408,0.017
St-Lawrence,2002,7,0.0,0.0
St-Lawrence,2002,8,0.0,0.0
St-Lawrence,2002,9,0.0,0.0
St-Lawrence,2002,10,0.0,0.0
St-Lawrence,2002,11,7852.865,0.027
St-Lawrence,2002,12,34314.877,0.12
St-Lawrence,2003,1,101683.011,0.356
St-Lawrence,2003,2,248084.253,0.867
St-Lawrence,2003,3,277970.431,0.972
St-Lawrence,2003,4,97564.518,0.341
St-Lawrence,2003,5,49404.644,0.173
St-Lawrence,2003,6,5145.236,0.018
St-Lawrence,2003,7,0.0,0.0
St-Lawrence,2003,8,0.0,0.0
St-Lawrence,2003,9,0.0,0.0
St-Lawrence,2003,10,0.0,0.0
St-Lawrence,2003,11,7411.211,0.026
St-Lawrence,2003,12,39881.36,0.139
St-Lawrence,2004,1,84770.261,0.296
St-Lawrence,2004,2,169929.666,0.594
St-Lawrence,2004,3,190534.378,0.666
St-Lawrence,2004,4,85932.392,0.3
St-Lawrence,2004,5,35584.717,0.124
St-Lawrence,2004,6,4583.665,0.016
St-Lawrence,2004,7,0.0,0.0
St-Lawrence,2004,8,0.0,0.0
St-Lawrence,2004,9,0.0,0.0
St-Lawrence,2004,10,0.0,0.0
St-Lawrence,2004,11,8083.931,0.028
St-Lawrence,2004,12,42951.048,0.15
St-Lawrence,2005,1,102328.589,0.358
St-Lawrence,2005,2,193373.722,0.676
St-Lawrence,2005,3,190633.161,0.666
St-Lawrence,2005,4,86042.94,0.301
St-Lawrence,2005,5,36713.639,0.128
St-Lawrence,2005,6,4763.243,0.017
St-Lawrence,2005,7,0.0,0.0
St-Lawrence,2005,8,0.0,0.0
St-Lawrence,2005,9,0.0,0.0
St-Lawrence,2005,10,0.0,0.0
St-Lawrence,2005,11,8466.847,0.03
St-Lawrence,2005,12,41547.809,0.145
St-Lawrence,2006,1,55171.758,0.193
St-Lawrence,2006,2,114360.317,0.4
St-Lawrence,2006,3,108440.644,0.379
St-Lawrence,2006,4,63983.049,0.224
St-Lawrence,2006,5,40367.77,0.141
St-Lawrence,2006,6,5319.256,0.019
St-Lawrence,2006,7,0.0,0.0
St-Lawrence,2006,8,0.0,0.0
St-Lawrence,2006,9,0.0,0.0
St-Lawrence,2006,10,0.0,0.0
St-Lawrence,2006,11,7160.65,0.025
St-Lawrence,2006,12,33432.005,0.117
St-Lawrence,2007,1,67201.748,0.235
St-Lawrence,2007,2,169663.27,0.593
St-Lawrence,2007,3,165771.984,0.58
St-Lawrence,2007,4,66844.699,0.234
St-Lawrence,2007,5,38526.317,0.135
St-Lawrence,2007,6,5055.54,0.018
St-Lawrence,2007,7,0.0,0.0
St-Lawrence,2007,8,0.0,0.0
St-Lawrence,2007,9,0.0,0.0
St-Lawrence,2007,10,0.0,0.0
St-Lawrence,2007,11,7243.583,0.025
St-Lawrence,2007,12,34838.956,0.122
St-Lawrence,2008,1,92110.442,0.322
St-Lawrence,2008,2,209875.106,0.734
St-Lawrence,2008,3,243892.537,0.853
St-Lawrence,2008,4,95862.125,0.335
St-Lawrence,2008,5,36324.035,0.127
St-Lawrence,2008,6,5251.238,0.018
St-Lawrence,2008,7,0.0,0.0
St-Lawrence,2008,8,0.0,0.0
St-Lawrence,2008,9,0.0,0.0
St-Lawrence,2008,10,0.0,0.0
St-Lawrence,2008,11,7038.771,0.025
St-Lawrence,2008,12,37017.277,0.129
St-Lawrence,2009,1,122474.133,0.428
St-Lawrence,2009,2,252115.345,0.881
St-Lawrence,2009,3,234364.238,0.819
St-Lawrence,2009,4,74130.864,0.259
St-Lawrence,2009,5,32536.62,0.114
St-Lawrence,2009,6,4105.507,0.014
St-Lawrence,2009,7,0.0,0.0
St-Lawrence,2009,8,0.0,0.0
St-Lawrence,2009,9,0.0,0.0
St-Lawrence,2009,10,0.0,0.0
St-Lawrence,2009,11,6163.714,0.022
St-Lawrence,2009,12,37103.853,0.13
St-Lawrence,2010,1,46958.763,0.164
St-Lawrence,2010,2,84225.871,0.294
St-Lawrence,2010,3,43951.945,0.154
St-Lawrence,2010,4,47619.339,0.166
St-Lawrence,2010,5,40463.992,0.141
St-Lawrence,2010,6,5531.942,0.019
St-Lawrence,2010,7,0.0,0.0
St-Lawrence,2010,8,0.0,0.0
St-Lawrence,2010,9,0.0,0.0
St-Lawrence,2010,10,0.0,0.0
St-Lawrence,2010,11,6792.646,0.024
St-Lawrence,2010,12,47404.923,0.166
St-Lawrence,2011,1,47156.573,0.165
St-Lawrence,2011,2,75038.557,0.262
St-Lawrence,2011,3,80938.271,0.283
St-Lawrence,2011,4,46944.308,0.164
St-Lawrence,2011,5,34489.536,0.121
St-Lawrence,2011,6,5429.628,0.019
St-Lawrence,2011,7,0.0,0.0
St-Lawrence,2011,8,0.0,0.0
St-Lawrence,2011,9,0.0,0.0
St-Lawrence,2011,10,0.0,0.0
St-Lawrence,2011,11,7157.063,0.025
St-Lawrence,2011,12,35324.498,0.124
St-Lawrence,2012,1,58047.539,0.203
St-Lawrence,2012,2,142306.002,0.498
St-Lawrence,2012,3,96924.604,0.339
St-Lawrence,2012,4,56331.38,0.197
St-Lawrence,2012,5,33707.607,0.118
St-Lawrence,2012,6,4922.576,0.017
St-Lawrence,2012,7,0.0,0.0
St-Lawrence,2012,8,0.0,0.0
St-Lawrence,2012,9,0.0,0.0
St-Lawrence,2012,10,0.0,0.0
St-Lawrence,2012,11,6859.255,0.024
St-Lawrence,2012,12,40127.813,0.14
St-Lawrence,2013,1,63581.792,0.222
St-Lawrence,2013,2,138972.411,0.486
St-Lawrence,2013,3,90514.018,0.316
St-Lawrence,2013,4,49991.886,0.175
St-Lawrence,2013,5,36483.239,0.128
St-Lawrence,2013,6,4767.66,0.017
St-Lawrence,2013,7,0.0,0.0
St-Lawrence,2013,8,0.0,0.0
St-Lawrence,2013,9,0.0,0.0
St-Lawrence,2013,10,0.0,0.0
St-Lawrence,2013,11,7487.601,0.026
St-Lawrence,2013,12,44600.645,0.156
St-Lawrence,2014,1,139340.434,0.487
St-Lawrence,2014,2,251330.535,0.879
St-Lawrence,2014,3,255375.123,0.893
St-Lawrence,2014,4,127337.47,0.445
St-Lawrence,2014,5,39492.228,0.138
St-Lawrence,2014,6,5345.232,0.019
St-Lawrence,2014,7,0.0,0.0
St-Lawrence,2014,8,0.0,0.0
St-Lawrence,2014,9,0.0,0.0
St-Lawrence,2014,10,0.0,0.0
St-Lawrence,2014,11,7880.607,0.028
St-Lawrence,2014,12,37149.953,0.13
St-Lawrence,2015,1,94747.484,0.331
St-Lawrence,2015,2,222272.179,0.777
St-Lawrence,2015,3,247813.618,0.866
St-Lawrence,2015,4,112875.645,0.395
St-Lawrence,2015,5,32398.542,0.113
St-Lawrence,2015,6,5307.009,0.019
St-Lawrence,2015,7,0.0,0.0
St-Lawrence,2015,8,0.0,0.0
St-Lawrence,2015,9,0.0,0.0
St-Lawrence,2015,10,0.0,0.0
St-Lawrence,2015,11,7037.533,0.025
St-Lawrence,2015,12,35060.61,0.123
St-Lawrence,2016,1,50571.478,0.177
St-Lawrence,2016,2,103774.91,0.363
St-Lawrence,2016,3,124165.955,0.434
St-Lawrence,2016,4,48709.814,0.17
St-Lawrence,2016,5,33536.207,0.117
St-Lawrence,2016,6,5270.318,0.018
St-Lawrence,2016,7,0.0,0.0
St-Lawrence,2016,8,0.0,0.0
St-Lawrence,2016,9,0.0,0.0
St-Lawrence,2016,10,0.0,0.0
St-Lawrence,2016,11,7041.147,0.025
St-Lawrence,2016,12,37258.772,0.13
St-Lawrence,2017,1,51625.614,0.18
St-Lawrence,2017,2,111043.072,0.388
St-Lawrence,2017,3,144760.774,0.506
St-Lawrence,2017,4,65749.574,0.23
St-Lawrence,2017,5,40129.126,0.14
St-Lawrence,2017,6,6444.496,0.023
St-Lawrence,2017,7,0.0,0.0
St-Lawrence,2017,8,0.0,0.0
St-Lawrence,2017,9,0.0,0.0
St-Lawrence,2017,10,0.0,0.0
St-Lawrence,2017,11,7137.523,0.025
St-Lawrence,2017,12,41017.982,0.143
St-Lawrence,2018,1,117266.714,0.41
St-Lawrence,2018,2,205340.802,0.718
St-Lawrence,2018,3,108956.931,0.381
St-Lawrence,2018,4,56179.008,0.196
St-Lawrence,2018,5,34990.209,0.122
St-Lawrence,2018,6,3946.818,0.014
St-Lawrence,2018,7,0.0,0.0
St-Lawrence,2018,8,0.0,0.0
St-Lawrence,2018,9,0.0,0.0
St-Lawrence,2018,10,0.0,0.0
St-Lawrence,2018,11,8558.057,0.03
St-Lawrence,2018,12,36771.982,0.129
St-Lawrence,2019,1,104179.956,0.364
St-Lawrence,2019,2,230039.859,0.804
St-Lawrence,2019,3,216449.893,0.757
St-Lawrence,2019,4,79799.227,0.279
St-Lawrence,2019,5,32227.469,0.113
St-Lawrence,2019,6,3897.218,0.014
St-Lawrence,2019,7,0.0,0.0
St-Lawrence,2019,8,0.0,0.0
St-Lawrence,2019,9,0.0,0.0
St-Lawrence,2019,10,0.0,0.0
St-Lawrence,2019,11,8094.469,0.028
St-Lawrence,2019,12,38154.59,0.133
St-Lawrence,2020,1,83532.51,0.292
St-Lawrence,2020,2,193575.887,0.677
St-Lawrence,2020,3,175595.362,0.614
St-Lawrence,2020,4,54695.496,0.191
St-Lawrence,2020,5,34014.71,0.119
St-Lawrence,2020,6,4509.695,0.016
St-Lawrence,2020,7,0.0,0.0
St-Lawrence,2020,8,0.0,0.0
St-Lawrence,2020,9,0.0,0.0
St-Lawrence,2020,10,0.0,0.0
St-Lawrence,2020,11,7287.024,0.025
St-Lawrence,2020,12,37211.078,0.13
St-Lawrence,2021,1,43934.643,0.154
St-Lawrence,2021,2,66308.927,0.232
St-Lawrence,2021,3,78513.659,0.274
St-Lawrence,2021,4,55189.118,0.193
St-Lawrence,2021,5,34421.514,0.12
St-Lawrence,2021,6,5328.581,0.019
St-Lawrence,2021,7,0.0,0.0
St-Lawrence,2021,8,0.0,0.0
St-Lawrence,2021,9,0.0,0.0
St-Lawrence,2021,10,0.0,0.0
St-Lawrence,2021,11,7305.001,0.026
St-Lawrence,2021,12,38506.629,0.135
St-Lawrence,2022,1,68783.973,0.24
St-Lawrence,2022,2,136771.965,0.478
St-Lawrence,2022,3,152961.599,0.535
St-Lawrence,2022,4,66899.559,0.234
St-Lawrence,2022,5,34589.955,0.121
St-Lawrence,2022,6,4367.409,0.015
St-Lawrence,2022,7,0.0,0.0
St-Lawrence,2022,8,0.0,0.0
St-Lawrence,2022,9,0.0,0.0
St-Lawrence,2022,10,0.0,0.0
St-Lawrence,2022,11,7659.677,0.027
St-Lawrence,2022,12,39460.225,0.138
St-Lawrence,2023,1,43593.178,0.152
St-Lawrence,2023,2,88797.607,0.31
St-Lawrence,2023,3,91391.003,0.32
St-Lawrence,2023,4,51734.224,0.181
St-Lawrence,2023,5,38557.955,0.135
St-Lawrence,2023,6,4649.316,0.016
St-Lawrence,2023,7,0.0,0.0
St-Lawrence,2023,8,0.0,0.0
St-Lawrence,2023,9,0.0,0.0
St-Lawrence,2023,10,0.0,0.0
St-Lawrence,2023,11,7270.356,0.025
St-Lawrence,2023,12,38890.913,0.136
St-Lawrence,2024,1,50326.349,0.176
St-Lawrence,2024,2,78827.775,0.276
St-Lawrence,2024,3,61160.062,0.214
St-Lawrence,2024,4,51808.285,0.181
St-Lawrence,2024,5,35504.689,0.124
St-Lawrence,2024,6,4982.121,0.017
St-Lawrence,2024,7,0.0,0.0
St-Lawrence,2024,8,0.0,0.0
St-Lawrence,2024,9,0.0,0.0
St-Lawrence,2024,10,0.0,0.0
St-Lawrence,2024,11,8067.403,0.028
St-Lawrence,2024,12,37253.087,0.13
St-Lawrence,2025,1,57431.825,0.201
St-Lawrence,2025,2,109187.821,0.382
St-Lawrence,2025,3,73725.273,0.258
St-Lawrence,2025,4,55224.769,0.193
St-Lawrence,2025,5,39352.866,0.138
St-Lawrence,2025,6,5542.793,0.019
St-Lawrence,2025,7,4349.37,0.015
St-Lawrence,2025,8,0.0,0.0
St-Lawrence,2025,9,0.0,0.0
St-Lawrence,2025,10,0.0,0.0
St-Lawrence,2025,11,11272.37,0.039
St-Lawrence,2025,12,47825.787,0.167
St-Lawrence,2026,1,74663.056,0.261
St-Lawrence,2026,2,109823.502,0.384
St-Lawrence,2026,3,115804.897,0.405
St-Lawrence,2026,4,48388.495,0.169
St-Lawrence,2026,5,42518.721,0.149
St-Lawrence,2026,6,6289.549,0.022
St-Lawrence,2026,7,4413.283,0.015
St-Lawrence,2026,8,0.0,0.0
